,type,name,ds,volt,phase,Ek,gamma,beta,Brho,tpass,phi_o,phi_t,phi_c,phi_b
qm1,quadrupole,qm1,0.1495,,,40.0,1.021321632976365,0.20326631441291862,1.2990965722547434,1.2266624791263094e-09,64.47337990287883,-45.0,-109.47337990287883,0.0
dr1,drift,dr1,0.154,,,40.0,1.021321632976365,0.20326631441291862,1.2990965722547434,3.71691038825564e-09,-164.6391899932836,-45.0,119.6391899932836,0.0
rf1,rfcavity,rf1,1e-05,1.07481768,-45.0,40.380005435033596,1.0215241913867352,0.20419929485144186,1.3053181812077357,4.980577494372049e-09,-98.2208468958051,-45.0,53.220846895805096,0.0
dr2,drift,dr2,0.308,,,40.76001087006719,1.0217267497971056,0.2051274808093912,1.3115115011639518,7.484900457797323e-09,33.40636806182738,-45.0,-78.40636806182738,0.0
rf2,rfcavity,rf2,1e-05,1.080552129,-45.0,41.14204373898792,1.0219303889125064,0.20605585184203756,1.317709751188647,9.989222685323286e-09,165.0335443405919,-45.0,149.9664556594081,0.0
dr3,drift,dr3,0.154,,,41.524076607908654,1.0221340280279074,0.20697950777872395,1.3238802086276589,1.1230220448941748e-08,-129.73961320362173,-45.0,84.73961320362173,0.0
qm2,quadrupole,qm2,0.299,,,41.524076607908654,1.0221340280279074,0.20697950777872395,1.3238802086276589,1.4880449806098799e-08,62.11644180855296,-45.0,-107.11644180855296,0.0
dr4,drift,dr4,0.154,,,41.524076607908654,1.0221340280279074,0.20697950777872395,1.3238802086276589,1.853067916325585e-08,-106.02750317927257,-45.0,61.02750317927257,0.0
rf3,rfcavity,rf3,1e-05,1.086156022,-45.0,41.90809075220005,1.0223387232439651,0.20790326596755376,1.330055048246002,1.977167620764513e-08,-40.80069852617203,-45.0,-4.199301473827973,0.0
dr5,drift,dr5,0.308,,,42.29210489649146,1.022543418460023,0.20882238678387038,1.3362025809857767,2.2231687638672265e-08,88.49750228861421,-45.0,-133.4975022886142,0.0
rf4,rfcavity,rf4,1e-05,1.091630323,-45.0,42.678054498462544,1.022749145354038,0.20974152951468564,1.3423539626880685,2.4691698366608734e-08,-142.2043338510448,-45.0,97.2043338510448,0.0
dr6,drift,dr6,0.154,,,43.06400410043362,1.022954872248053,0.21065611098172754,1.3484785128123793,2.5911036856415043e-08,-78.11590282682528,-45.0,33.11590282682528,0.0
qm3,quadrupole,qm3,0.299,,,43.06400410043362,1.022954872248053,0.21065611098172754,1.3484785128123793,2.9497558377688876e-08,110.39166833132754,-45.0,-155.39166833132754,0.0
dr7,drift,dr7,0.154,,,43.06400410043362,1.022954872248053,0.21065611098172754,1.3484785128123793,3.3084079898962707e-08,-61.100760510520104,-45.0,16.100760510520104,0.0
rf5,rfcavity,rf5,1e-05,1.096976019,-45.0,43.45184369135058,1.023161606583334,0.21157063644601465,1.3546063929821361,3.4303417701307205e-08,2.9876343807068224,-45.0,-47.98763438070682,0.0
dr8,drift,dr8,0.308,,,43.83968328226754,1.023368340918615,0.21248067518524227,1.3607079067542878,3.672107500638123e-08,130.05970233539756,-45.0,-175.05970233539756,0.0
rf6,rfcavity,rf6,1e-05,1.10219412,-45.0,44.22936775048551,1.0235760586488132,0.21339058236318897,1.3668122456000158,3.9138731639133535e-08,-102.86826504714145,-45.0,57.86826504714145,0.0
dr9,drift,dr9,0.154,,,44.61905221870348,1.0237837763790116,0.2142960758277407,1.3728906733839457,4.03373588248477e-08,-39.86842016600485,-45.0,-5.131579833995147,0.0
qm4,quadrupole,qm4,0.299,,,44.61905221870348,1.0237837763790116,0.2142960758277407,1.3728906733839457,4.386296083461634e-08,145.43722146743448,-45.0,169.56277853256552,0.0
dr10,drift,dr10,0.154,,,44.61905221870348,1.0237837763790116,0.2142960758277407,1.3728906733839457,4.738856284438498e-08,-29.257136899125726,-45.0,-15.742863100874274,0.0
rf7,rfcavity,rf7,1e-05,1.107285659,-45.0,45.01053681779824,1.0239924536524565,0.21520136447225918,1.3789714348773974,4.8587189372448534e-08,33.7426734158953,-45.0,-78.7426734158953,0.0
dr11,drift,dr11,0.308,,,45.402021416893,1.0242011309259014,0.21610231092933926,1.3850267310656887,5.096432940591005e-08,158.68515357463184,-45.0,156.31484642536816,0.0
rf8,rfcavity,rf8,1e-05,1.112251689,-45.0,45.79526177273205,1.0244107440893688,0.21700298154858272,1.391083882869722,5.334146879594191e-08,-76.37240008529307,-45.0,31.372400085293066,0.0
dr12,drift,dr12,0.154,,,46.18850212857109,1.0246203572528363,0.21789938006045453,1.3971160058019139,5.452027481333672e-08,-14.414355811021778,-45.0,-30.585644188978222,0.0
qm5,quadrupole,qm5,0.299,,,46.18850212857109,1.0246203572528363,0.21789938006045453,1.3971160058019139,5.798757552531764e-08,167.82696961069496,-45.0,147.17303038930504,0.0
dr13,drift,dr13,0.154,,,46.18850212857109,1.0246203572528363,0.21789938006045453,1.3971160058019139,6.145487623729855e-08,-9.931704967588303,-45.0,-35.0682950324117,0.0
rf9,rfcavity,rf9,1e-05,1.117093283,-45.0,46.58345424638471,1.0248308828553176,0.21879543390134376,1.4031495192047787,6.263368162505241e-08,52.02630621275466,-45.0,-97.02630621275466,0.0
dr14,drift,dr14,0.308,,,46.978406364198335,1.0250414084577992,0.21968728430738652,1.409158431092433,6.497203022093458e-08,174.92990841232177,-45.0,140.07009158767823,0.0
rf10,rfcavity,rf10,1e-05,1.121811532,-45.0,47.375026634943566,1.0252528232538947,0.22057872333849016,1.4151682809373438,6.731037820054923e-08,-62.16652177913193,-45.0,17.166521779131926,0.0
dr15,drift,dr15,0.154,,,47.7716469056888,1.02546423804999,0.2214660262366867,1.4211539477848738,6.847019988047946e-08,-1.2062942819993623,-45.0,-43.79370571800064,0.0
qm6,quadrupole,qm6,0.299,,,47.7716469056888,1.02546423804999,0.2214660262366867,1.4211539477848738,7.188166071924652e-08,178.10008740359717,-45.0,136.89991259640283,0.0
dr16,drift,dr16,0.154,,,47.7716469056888,1.02546423804999,0.2214660262366867,1.4211539477848738,7.529312155801358e-08,-2.593530910806294,-45.0,-42.406469089193706,0.0
rf11,rfcavity,rf11,1e-05,1.126407546,-45.0,48.169892112766945,1.025676519003488,0.2223528531328397,1.4271401124108956,7.645294263465069e-08,58.3666648772396,-45.0,-103.3666648772396,0.0
dr17,drift,dr17,0.308,,,48.5681373198451,1.025888799956986,0.22323560986306576,1.43310250394811,7.875412321842355e-08,179.31671636034207,-45.0,135.68328363965793,0.0
rf12,rfcavity,rf12,1e-05,1.130882449,-45.0,48.96796464405148,1.026101924243502,0.22411782798695937,1.439064965110205,8.105530321149405e-08,-59.73326320387241,-45.0,14.733263203872411,0.0
dr18,drift,dr18,0.154,,,49.36779196825785,1.0263150485300183,0.2249960406113215,1.4450040547044736,8.219692817593119e-08,0.2705449269433302,-45.0,-45.27054492694333,0.0
qm7,quadrupole,qm7,0.299,,,49.36779196825785,1.0263150485300183,0.2249960406113215,1.4450040547044736,8.555486582483841e-08,176.76374775350632,-45.0,138.23625224649368,0.0
dr19,drift,dr19,0.154,,,49.36779196825785,1.0263150485300183,0.2249960406113215,1.4450040547044736,8.891280347374563e-08,-6.7430494199297755,-45.0,-38.256950580070225,0.0
rf13,rfcavity,rf13,1e-05,1.135237384,-45.0,49.769158994499286,1.0265289935405768,0.2258736539999586,1.4509427975259268,9.005442785970217e-08,53.26072830594603,-45.0,-98.26072830594603,0.0
dr20,drift,dr20,0.308,,,50.17052602074072,1.026742938551135,0.22674732528802094,1.4568585621268895,9.23199692444488e-08,172.33758348822903,-45.0,142.66241651177097,0.0
rf14,rfcavity,rf14,1e-05,1.139473505,-45.0,50.573390741924676,1.0269576818942405,0.22762033863378997,1.4627735750149318,9.458551006258162e-08,-68.58559111071008,-45.0,23.585591110710084,0.0
dr21,drift,dr21,0.154,,,50.97625546310863,1.0271724252373458,0.22848947204252598,1.468665995063045,9.570968043636017e-08,-9.499196264909187,-45.0,-35.50080373509081,0.0
qm8,quadrupole,qm8,0.299,,,50.97625546310863,1.0271724252373458,0.22848947204252598,1.468665995063045,9.901627775513378e-08,164.29555880983116,-45.0,150.70444119016884,0.0
dr22,drift,dr22,0.154,,,50.97625546310863,1.0271724252373458,0.22848947204252598,1.468665995063045,1.0232287507390739e-07,-21.909686115426666,-45.0,-23.090313884573334,0.0
rf15,rfcavity,rf15,1e-05,1.14359198,-45.0,51.38057628509291,1.0273879447416219,0.22935789067756865,1.4745572696461853,1.0344704489259725e-07,37.17667955491197,-45.0,-82.17667955491197,0.0
dr23,drift,dr23,0.308,,,51.784897107077185,1.0276034642458982,0.2302224903346273,1.4804263290031145,1.056783883505465e-07,154.4560917047238,-45.0,160.5439082952762,0.0
rf16,rfcavity,rf16,1e-05,1.147593992,-45.0,52.190632853973256,1.027819737962916,0.2310863202167918,1.48629386007875,1.079097312646033e-07,-88.26452473245081,-45.0,43.26452473245081,0.0
dr24,drift,dr24,0.154,,,52.596368600869326,1.0280360116799336,0.23194639090538283,1.4921395459682512,1.0901714704537326e-07,-30.058751295181537,-45.0,-14.941248704818463,0.0
qm9,quadrupole,qm9,0.299,,,52.596368600869326,1.0280360116799336,0.23194639090538283,1.4921395459682512,1.1227446298236499e-07,141.14577435310366,-45.0,173.85422564689634,0.0
dr25,drift,dr25,0.154,,,52.596368600869326,1.0280360116799336,0.23194639090538283,1.4921395459682512,1.1553177891935669e-07,-47.64969999861205,-45.0,2.64969999861205,0.0
rf17,rfcavity,rf17,1e-05,1.151480731,-45.0,53.003478517517195,1.0282530178855287,0.2328056385989527,1.4979833314142876,1.1663919416711358e-07,10.556045423490104,-45.0,-55.556045423490104,0.0
dr26,drift,dr26,0.308,,,53.410588434165064,1.028470024091124,0.23366118573761444,1.503805634327748,1.1883769985593689e-07,126.10950442804369,-45.0,-171.1095044280437,0.0
rf18,rfcavity,rf18,1e-05,1.155253403,-45.0,53.81903219179013,1.0286877412884132,0.23451585840169098,1.5096256750656167,1.2103620502232128e-07,-118.33706402679309,-45.0,73.33706402679309,0.0
dr27,drift,dr27,0.154,,,54.2274759494152,1.0289054584857025,0.23536688803167638,1.5154245887187918,1.2212752714574568e-07,-60.97717321960681,-45.0,15.977173219606811,0.0
qm10,quadrupole,qm10,0.299,,,54.2274759494152,1.0289054584857025,0.23536688803167638,1.5154245887187918,1.2533750575379072e-07,107.73930241924063,-45.0,-152.73930241924063,0.0
dr28,drift,dr28,0.154,,,54.2274759494152,1.0289054584857025,0.23536688803167638,1.5154245887187918,1.2854748436183577e-07,-83.54422194191102,-45.0,38.54422194191102,0.0
rf19,rfcavity,rf19,1e-05,1.158913218,-45.0,54.63721364704246,1.029123865405837,0.23621699340037655,1.5212208886202712,1.2963880597310128e-07,-26.18435805379704,-45.0,-18.81564194620296,0.0
dr29,drift,dr29,0.308,,,55.04695134466972,1.0293422723259718,0.237063512164978,1.5269964098545663,1.3180575878624127e-07,87.71068180484053,-45.0,-132.71068180484053,0.0
rf20,rfcavity,rf20,1e-05,1.162461398,-45.0,55.457943513366416,1.0295613479303996,0.2379090585344513,1.5327689756943514,1.3397271109721875e-07,-158.39430473018183,-45.0,113.39430473018183,0.0
dr30,drift,dr30,0.154,,,55.86893568206312,1.0297804235348273,0.2387510736651186,1.5385211044237095,1.3504856422990725e-07,-101.84746407607417,-45.0,56.847464076074175,0.0
qm11,quadrupole,qm11,0.299,,,55.86893568206312,1.0297804235348273,0.2387510736651186,1.5385211044237095,1.3821304288135635e-07,64.47753384408952,-45.0,-109.47753384408952,0.0
dr31,drift,dr31,0.154,,,55.86893568206312,1.0297804235348273,0.2387510736651186,1.5385211044237095,1.413775215328054e-07,-129.1974682357477,-45.0,84.19746823574769,0.0
rf21,rfcavity,rf21,1e-05,1.165899172,-45.0,56.28114328741361,1.0300001470166111,0.2395920698776128,1.5442699458113136,1.4245337417305436e-07,-72.65065346426218,-45.0,27.650653464262177,0.0
dr32,drift,dr32,0.308,,,56.6933508927641,1.030219870498395,0.24042958917719529,1.549998684948894,1.4458998907502357e-07,39.649825783239066,-45.0,-84.64982578323907,0.0
rf22,rfcavity,rf22,1e-05,1.169227777,-45.0,57.10673533769828,1.0304402212837205,0.24126604460664336,1.5557238142702943,1.4672660349401233e-07,151.9502796452889,-45.0,163.0497203547111,0.0
dr33,drift,dr33,0.154,,,57.52011978263247,1.030660572069046,0.24209907643416576,1.5614291696649767,1.4778757858270867e-07,-152.28486969283222,-45.0,107.28486969283222,0.0
qm12,quadrupole,qm12,0.299,,,57.52011978263247,1.030660572069046,0.24209907643416576,1.5614291696649767,1.5090829546751375e-07,11.74000977252399,-45.0,-56.74000977252399,0.0
dr34,drift,dr34,0.154,,,57.52011978263247,1.030660572069046,0.24209907643416576,1.5614291696649767,1.5402901235231883e-07,175.76488923787838,-45.0,139.23511076212162,0.0
rf23,rfcavity,rf23,1e-05,1.172448454,-45.0,57.93464290884001,1.0308815298179765,0.24293100096964942,1.567130602009097,1.550899869672392e-07,-128.47028500190754,-45.0,83.47028500190754,0.0
dr35,drift,dr35,0.308,,,58.34916603504755,1.0311024875669068,0.24375955422302584,1.5728125823671943,1.5719741386720582e-07,-17.703927139662483,-45.0,-27.296072860337517,0.0
rf24,rfcavity,rf24,1e-05,1.175562452,-45.0,58.7647901258063,1.031324032174889,0.24458695825585747,1.5784903354764777,1.5930484030235522e-07,93.06240629179047,-45.0,-138.06240629179047,0.0
dr36,drift,dr36,0.154,,,59.18041421656504,1.0315455767828714,0.24541104235822134,1.5841489523075372,1.6035149690440858e-07,148.07467729571545,-45.0,166.92532270428455,0.0
qm13,quadrupole,qm13,0.299,,,59.18041421656504,1.0315455767828714,0.24541104235822134,1.5841489523075372,1.6343009788488522e-07,-50.11405517043204,-45.0,5.114055170432039,0.0
dr37,drift,dr37,0.154,,,59.18041421656504,1.0315455767828714,0.24541104235822134,1.5841489523075372,1.6650869886536186e-07,111.69721236341866,-45.0,-156.69721236341866,0.0
rf25,rfcavity,rf25,1e-05,1.178571022,-45.0,59.59710199744812,1.0317676883811147,0.2462339367654791,1.5898030465035713,1.6755535501131947e-07,166.7094593949514,-45.0,148.2905406050486,0.0
dr38,drift,dr38,0.308,,,60.0137897783312,1.0319897999793577,0.24705356164802977,1.5954383140416053,1.696346832221694e-07,-84.00104984277641,-45.0,39.00104984277641,0.0
rf26,rfcavity,rf26,1e-05,1.18147542,-45.0,60.43150441897481,1.0322124589357742,0.24787195777894858,1.601068772169617,1.7171401098541588e-07,25.288417393458076,-45.0,-70.28841739345808,0.0
dr39,drift,dr39,0.154,,,60.84921905961842,1.0324351178921904,0.24868713386666233,1.6066807073132707,1.7274687940270457e-07,79.57598140615119,-45.0,-124.57598140615119,0.0
qm14,quadrupole,qm14,0.299,,,60.84921905961842,1.0324351178921904,0.24868713386666233,1.6066807073132707,1.757849242901771e-07,-120.74437930829117,-45.0,75.74437930829117,0.0
dr40,drift,dr40,0.154,,,60.84921905961842,1.0324351178921904,0.24868713386666233,1.6066807073132707,1.7882296917764968e-07,38.93525997726829,-45.0,-83.93525997726829,0.0
rf27,rfcavity,rf27,1e-05,1.184276906,-45.0,61.26792417513603,1.0326583048121503,0.24950104352899494,1.6122875546857673,1.798558371556057e-07,93.2228008986367,-45.0,-138.2228008986367,0.0
dr41,drift,dr41,0.308,,,61.68662929065365,1.0328814917321103,0.25031178172633184,1.6178761769377867,1.8190809948006292e-07,-158.910291327893,-45.0,113.91029132789299,0.0
rf28,rfcavity,rf28,1e-05,1.186976741,-45.0,62.10628894198955,1.0331051874586294,0.2511212171713074,1.6234594412678494,1.8396036137324433e-07,-51.043406222277554,-45.0,6.043406222277554,0.0
dr42,drift,dr42,0.154,,,62.52594859332545,1.0333288831851488,0.2519275288465529,1.6290247726644276,1.8497994460908412e-07,2.5458886534615885,-45.0,-47.54588865346159,0.0
qm15,quadrupole,qm15,0.299,,,62.52594859332545,1.0333288831851488,0.2519275288465529,1.6290247726644276,1.879789129198637e-07,160.17166306803483,-45.0,154.82833693196517,0.0
dr43,drift,dr43,0.154,,,62.52594859332545,1.0333288831851488,0.2519275288465529,1.6290247726644276,1.9097788123064323e-07,-42.202562517391925,-45.0,-2.797437482608075,0.0
rf29,rfcavity,rf29,1e-05,1.189576189,-45.0,62.94652728831543,1.0335530687994552,0.25273250275589054,1.63458448401244,1.919974640430572e-07,11.386710103086443,-45.0,-56.38671010308644,0.0
dr44,drift,dr44,0.308,,,63.36710598330541,1.0337772544137616,0.2535343997275679,1.6401265490661074,1.9402364052356764e-07,117.88254591871555,-45.0,-162.88254591871555,0.0
rf30,rfcavity,rf30,1e-05,1.192076513,-45.0,63.788568676323166,1.0340019112351055,0.25433492519840506,1.6456627397713939,1.9604981658830221e-07,-135.62164011883578,-45.0,90.62164011883578,0.0
dr45,drift,dr45,0.154,,,64.21003136934092,1.0342265680564493,0.2551324197196411,1.6511815653990445,1.9705659214464233e-07,-82.70551687759871,-45.0,37.70551687759871,0.0
qm16,quadrupole,qm16,0.299,,,64.21003136934092,1.0342265680564493,0.2551324197196411,1.6511815653990445,2.0001788838623345e-07,72.9402135804321,-45.0,-117.9402135804321,0.0
dr46,drift,dr46,0.154,,,64.21003136934092,1.0342265680564493,0.2551324197196411,1.6511815653990445,2.029791846278245e-07,-131.41405596154436,-45.0,86.41405596154436,0.0
rf31,rfcavity,rf31,1e-05,1.194478979,-45.0,64.63234346235876,1.0344516776426695,0.25592851025281865,1.6566942700339569,2.0398595977584535e-07,-78.49795418156828,-45.0,33.497954181568275,0.0
dr47,drift,dr47,0.308,,,65.0546555553766,1.0346767872288898,0.25672161499906154,1.662189885507308,2.059869811409392e-07,26.675728767764667,-45.0,-71.67572876776467,0.0
rf32,rfcavity,rf32,1e-05,1.196784852,-45.0,65.47778289761187,1.034902331376225,0.257513284485296,1.6676791408160307,2.0798800210498317e-07,131.84939063791717,-45.0,-176.84939063791717,0.0
dr48,drift,dr48,0.154,,,65.90091023984715,1.03512787552356,0.25830201253996127,1.6731515776970451,2.0898242363528642e-07,-175.88381372934418,-45.0,130.88381372934418,0.0
qm17,quadrupole,qm17,0.299,,,65.90091023984715,1.03512787552356,0.25830201253996127,1.6731515776970451,2.1190738216810828e-07,-22.14799324422893,-45.0,-22.85200675577107,0.0
dr49,drift,dr49,0.154,,,65.90091023984715,1.03512787552356,0.25830201253996127,1.6731515776970451,2.1483234070093013e-07,131.58782724088815,-45.0,-176.58782724088815,0.0
rf33,rfcavity,rf33,1e-05,1.198995394,-45.0,66.32481912670156,1.0353538362660832,0.2590892752453308,1.6786174225288704,2.158267618372718e-07,-176.1453978329955,-45.0,131.1453978329955,0.0
dr50,drift,dr50,0.308,,,66.74872801355598,1.0355797970086065,0.2598736400847869,1.6840667145998072,2.17803512673308e-07,-72.24737389093025,-45.0,27.24737389093025,0.0
rf34,rfcavity,rf34,1e-05,1.201111869,-45.0,67.17338518732275,1.0358061566186023,0.26065651064011114,1.6895091898686752,2.1978026312229565e-07,31.65062970785948,-45.0,-76.65062970785948,0.0
dr51,drift,dr51,0.154,,,67.59804236108953,1.0360325162285982,0.2614365261225524,1.6949353730883832,2.2076276195375776e-07,83.29076828950747,-45.0,-128.29076828950747,0.0
qm18,quadrupole,qm18,0.299,,,67.59804236108953,1.0360325162285982,0.2614365261225524,1.6949353730883832,2.2365265146854443e-07,-124.81663881330314,-45.0,79.81663881330314,0.0
dr52,drift,dr52,0.154,,,67.59804236108953,1.0360325162285982,0.2614365261225524,1.6949353730883832,2.265425409833311e-07,27.075954083884426,-45.0,-72.07595408388443,0.0
rf35,rfcavity,rf35,1e-05,1.203135537,-45.0,68.02341500953914,1.036259257215809,0.26221501950937115,1.7003545217081288,2.2752503943448786e-07,78.71607267668332,-45.0,-123.71607267668332,0.0
dr53,drift,dr53,0.308,,,68.44878765798875,1.0364859982030197,0.26299069986033197,1.7057576341442868,2.2947836110867607e-07,-178.6173401279848,-45.0,133.6173401279848,0.0
rf36,rfcavity,rf36,1e-05,1.205067656,-45.0,68.87484341366184,1.0367131033142678,0.26376483139877327,1.711153500976243,2.3143168240913784e-07,-75.95077257571393,-45.0,30.950772575713927,0.0
dr54,drift,dr54,0.154,,,69.30089916933493,1.0369402084255162,0.26453619119853944,1.7165335827500228,2.3240266894643428e-07,-24.9157201754133,-45.0,-20.0842798245867,0.0
qm19,quadrupole,qm19,0.299,,,69.30089916933493,1.0369402084255162,0.26453619119853944,1.7165335827500228,2.3525869659316477e-07,125.19709293674168,-45.0,-170.19709293674168,0.0
dr55,drift,dr55,0.154,,,69.30089916933493,1.0369402084255162,0.26453619119853944,1.7165335827500228,2.3811472423989528e-07,-84.69009395110515,-45.0,39.690093951105155,0.0
rf37,rfcavity,rf37,1e-05,1.206909481,-45.0,69.72760610848164,1.03716766064414,0.2653059765350827,1.7219062145491708,2.3908571040988497e-07,-33.65506085644665,-45.0,-11.344939143553347,0.0
dr56,drift,dr56,0.308,,,70.15431304762836,1.0373951128627639,0.2660730307060117,1.727263307778522,2.410164037675204e-07,67.82218202087097,-45.0,-112.82218202087097,0.0
rf38,rfcavity,rf38,1e-05,1.208662263,-45.0,70.58163968879416,1.0376228954078628,0.2668384858011365,1.7326127531381044,2.4294709676411455e-07,169.29940592185994,-45.0,145.70059407814006,0.0
dr57,drift,dr57,0.154,,,71.00896632995995,1.0378506779529617,0.26760124959488923,1.7379469018796723,2.4390696178556425e-07,-140.25008855074338,-45.0,95.25008855074338,0.0
qm20,quadrupole,qm20,0.299,,,71.00896632995995,1.0378506779529617,0.26760124959488923,1.7379469018796723,2.4673027698595126e-07,8.143358381597864,-45.0,-53.143358381597864,0.0
dr58,drift,dr58,0.154,,,71.00896632995995,1.0378506779529617,0.26760124959488923,1.7379469018796723,2.4955359218633826e-07,156.5368053139391,-45.0,158.4631946860609,0.0
rf39,rfcavity,rf39,1e-05,1.21032725,-45.0,71.43688163292488,1.0380787742788316,0.26836239071188195,1.7432732111831524,2.505134568528625e-07,-153.0127078135447,-45.0,108.0127078135447,0.0
dr59,drift,dr59,0.308,,,71.86479693588981,1.0383068706047012,0.2691208796978132,1.7485844613815424,2.5242228470942033e-07,-52.68471567286724,-45.0,7.684715672867242,0.0
rf40,rfcavity,rf40,1e-05,1.211905686,-45.0,72.29327030025438,1.0385352644000794,0.26987772339141597,1.7538876867527582,2.5433111221702386e-07,47.643258126774526,-45.0,-92.64325812677453,0.0
dr60,drift,dr60,0.154,,,72.72174366461894,1.0387636581954576,0.2706319534448315,1.7591760861881498,2.5528022807288843e-07,97.52878751101707,-45.0,-142.52878751101707,0.0
qm21,quadrupole,qm21,0.299,,,72.72174366461894,1.0387636581954576,0.2706319534448315,1.7591760861881498,2.580719260450121e-07,-115.73956707416437,-45.0,70.73956707416437,0.0
dr61,drift,dr61,0.154,,,72.72174366461894,1.0387636581954576,0.2706319534448315,1.7591760861881498,2.608636240171358e-07,30.992078340656008,-45.0,-75.99207834065601,0.0
rf41,rfcavity,rf41,1e-05,1.213398808,-45.0,73.15074492732919,1.0389923333822053,0.27138451654851636,1.7644562814310938,2.6181273952987657e-07,80.87758969031347,-45.0,-125.87758969031347,0.0
dr62,drift,dr62,0.308,,,73.57974619003942,1.0392210085689528,0.27213450383756915,1.769721879656559,2.6370042897629735e-07,-179.90545300580925,-45.0,134.90545300580925,0.0
rf42,rfcavity,rf42,1e-05,1.21480785,-45.0,74.00924562432624,1.0394499493014884,0.2728828034537854,1.7749791002152477,2.655881180852886e-07,-80.68851343723145,-45.0,35.68851343723145,0.0
dr63,drift,dr63,0.154,,,74.43874505861307,1.039678890034024,0.27362856442935335,1.780221948514228,2.6652683980691457e-07,-31.349299748568228,-45.0,-13.650700251431772,0.0
qm22,quadrupole,qm22,0.299,,,74.43874505861307,1.039678890034024,0.27362856442935335,1.780221948514228,2.692879648276135e-07,113.77543133936706,-45.0,-158.77543133936706,0.0
dr64,drift,dr64,0.154,,,74.43874505861307,1.039678890034024,0.27362856442935335,1.780221948514228,2.7204908984831237e-07,-101.09983757270129,-45.0,56.09983757270129,0.0
rf43,rfcavity,rf43,1e-05,1.216134039,-45.0,74.8687133715174,1.0399080806980043,0.274372617917744,1.7854562514176289,2.72987811238071e-07,-51.76064132698593,-45.0,6.760641326985933,0.0
dr65,drift,dr65,0.308,,,75.29868168442175,1.0401372713619845,0.2751141693012896,1.790676402746531,2.7485505577582434e-07,46.38173157732672,-45.0,-91.38173157732672,0.0
rf44,rfcavity,rf44,1e-05,1.217378597,-45.0,75.72909001502678,1.040366696573363,0.27585399426858837,1.7958878465645598,2.767222999871442e-07,144.52408732430195,-45.0,170.47591267569805,0.0
dr66,drift,dr66,0.154,,,76.15949834563182,1.040596121784741,0.2765913530417172,1.8010853555065522,2.7765096631479144e-07,-166.66521049455878,-45.0,121.66521049455878,0.0
qm23,quadrupole,qm23,0.299,,,76.15949834563182,1.040596121784741,0.2765913530417172,1.8010853555065522,2.803825147428794e-07,-23.095025114260352,-45.0,-21.904974885739648,0.0
dr67,drift,dr67,0.154,,,76.15949834563182,1.040596121784741,0.2765913530417172,1.8010853555065522,2.831140631709673e-07,120.47516026604171,-45.0,-165.4751602660417,0.0
rf45,rfcavity,rf45,1e-05,1.218542738,-45.0,76.59031826223453,1.040825766388259,0.2773269673302521,1.806274000295549,2.840427291774906e-07,169.28584556890746,-45.0,145.71415443109254,0.0
dr68,drift,dr68,0.308,,,77.02113817883725,1.0410554109917767,0.27806015072288365,1.8114489230038626,2.8589019069819907e-07,-93.61157690265645,-45.0,48.61157690265645,0.0
rf46,rfcavity,rf46,1e-05,1.219627671,-45.0,77.45234167718067,1.0412852600600218,0.2787915724013289,1.8166148302671865,2.877376519029723e-07,3.49098402022355,-45.0,-48.49098402022355,0.0
dr69,drift,dr69,0.154,,,77.88354517552409,1.0415151091282668,0.2795205978821264,1.8217672244236078,2.886565862393545e-07,51.79017274047328,-45.0,-96.79017274047328,0.0
qm24,quadrupole,qm24,0.299,,,77.88354517552409,1.0415151091282668,0.2795205978821264,1.8217672244236078,2.9135950932033055e-07,-166.14419012342478,-45.0,121.14419012342478,0.0
dr70,drift,dr70,0.154,,,77.88354517552409,1.0415151091282668,0.2795205978821264,1.8217672244236078,2.9406243240130654e-07,-24.078552987328294,-45.0,-20.921447012671706,0.0
rf47,rfcavity,rf47,1e-05,1.220634597,-45.0,78.3151046759689,1.0417451479601656,0.2802478452348415,1.8269104570615777,2.94981366426825e-07,24.22061939392006,-45.0,-69.22061939392006,0.0
dr71,drift,dr71,0.308,,,78.7466641764137,1.0419751867920641,0.2809727305002384,1.8320403818243438,2.9680967704983435e-07,120.3166257392968,-45.0,-165.3166257392968,0.0
rf48,rfcavity,rf48,1e-05,1.221564709,-45.0,79.17855252110974,1.0422054009113737,0.2816958220170164,1.8371610040863453,2.9863798736693757e-07,-143.58738399375943,-45.0,98.58738399375943,0.0
dr72,drift,dr72,0.154,,,79.61044086580577,1.042435615030683,0.28241658498067507,1.8422685200403532,2.9954749866280824e-07,-95.78347028279677,-45.0,50.78347028279677,0.0
qm25,quadrupole,qm25,0.299,,,79.61044086580577,1.042435615030683,0.28241658498067507,1.8422685200403532,3.0222270513368714e-07,44.82538182659482,-45.0,-89.82538182659482,0.0
dr73,drift,dr73,0.154,,,79.61044086580577,1.042435615030683,0.28241658498067507,1.8422685200403532,3.0489791160456604e-07,-174.5657660640063,-45.0,129.5657660640063,0.0
rf49,rfcavity,rf49,1e-05,1.222419193,-45.0,80.04263131621721,1.0426659901846722,0.28313553934748237,1.8473665974832552,3.058074225993776e-07,-126.7618681767126,-45.0,81.7618681767126,0.0
dr74,drift,dr74,0.308,,,80.47482176662866,1.0428963653386614,0.2838521981307357,1.852451766596523,3.07617186379288e-07,-31.640683904619436,-45.0,-13.359316095380564,0.0
rf50,rfcavity,rf50,1e-05,1.223199228,-45.0,80.90728800105913,1.0431268874967912,0.2845670342208038,1.857527366044923,3.09426949862879e-07,63.480484792919015,-45.0,-108.48048479291901,0.0
dr75,drift,dr75,0.154,,,81.33975423548961,1.0433574096549212,0.2852796071434631,1.8625902516269779,3.1032733344038933e-07,110.80464562686393,-45.0,-155.80464562686393,0.0
qm26,quadrupole,qm26,0.299,,,81.33975423548961,1.0433574096549212,0.2852796071434631,1.8625902516269779,3.129756919514969e-07,-109.99763102932047,-45.0,64.99763102932047,0.0
dr76,drift,dr76,0.154,,,81.33975423548961,1.0433574096549212,0.2852796071434631,1.8625902516269779,3.1562405046260444e-07,29.200092314491485,-45.0,-74.20009231449149,0.0
rf51,rfcavity,rf51,1e-05,1.223905983,-45.0,81.77247034554665,1.043588065006961,0.2859903440069851,1.8676434411228677,3.1652443374843065e-07,76.52423781751713,-45.0,-121.52423781751713,0.0
dr77,drift,dr77,0.308,,,82.2051864556037,1.043818720359001,0.2866988495767685,1.8726841077726435,3.1831622826342935e-07,170.7009575258453,-45.0,144.2990424741547,0.0
rf52,rfcavity,rf52,1e-05,1.224540619,-45.0,82.63812694337034,1.0440494953135202,0.287405506432129,1.8777149565352595,3.2010802249127784e-07,-95.12233785843273,-45.0,50.12233785843273,0.0
dr78,drift,dr78,0.154,,,83.07106743113698,1.0442802702680394,0.2881099633356317,1.8827334700992384,3.209995608102352e-07,-48.26308381403578,-45.0,3.263083814035781,0.0
qm27,quadrupole,qm27,0.299,,,83.07106743113698,1.0442802702680394,0.2881099633356317,1.8827334700992384,3.236219021790537e-07,89.56717853106238,-45.0,-134.56717853106238,0.0
dr79,drift,dr79,0.154,,,83.07106743113698,1.0442802702680394,0.2881099633356317,1.8827334700992384,3.262442435478722e-07,-132.60255912383218,-45.0,87.60255912383218,0.0
rf53,rfcavity,rf53,1e-05,1.225104289,-45.0,83.5042072063433,1.0445111514508998,0.28881255956097296,1.8877420484866485,3.2713578158411477e-07,-85.74331993892702,-45.0,40.743319938927016,0.0
dr80,drift,dr80,0.308,,,83.9373469815496,1.0447420326337602,0.2895129866549711,1.892738476018724,3.289101594149443e-07,7.517978849471547,-45.0,-52.51797884947155,0.0
rf54,rfcavity,rf54,1e-05,1.225598136,-45.0,84.37066135803718,1.0449730068862313,0.2902115417789267,1.8977248554828288,3.306845369673985e-07,100.77926300646504,-45.0,-145.77926300646504,0.0
dr81,drift,dr81,0.154,,,84.80397573452478,1.0452039811387026,0.2909079580808684,1.902699265197707,3.315675003391271e-07,147.1878178245206,-45.0,167.8121821754794,0.0
qm28,quadrupole,qm28,0.299,,,84.80397573452478,1.0452039811387026,0.2909079580808684,1.902699265197707,3.341646196500186e-07,-76.30759119502181,-45.0,31.307591195021814,0.0
dr82,drift,dr82,0.154,,,84.80397573452478,1.0452039811387026,0.2909079580808684,1.902699265197707,3.3676173896090997e-07,60.19699978542849,-45.0,-105.19699978542849,0.0
rf55,rfcavity,rf55,1e-05,1.226023295,-45.0,85.23744042741838,1.045435035515955,0.29160249177477704,1.907663518249132,3.3764470205850966e-07,106.60554019526899,-45.0,-151.605540195269,0.0
dr83,drift,dr83,0.308,,,85.67090512031197,1.045666089893207,0.29229491645474814,1.9126159794855864,3.394021921669381e-07,-161.0207797057301,-45.0,116.02077970573009,0.0
rf56,rfcavity,rf56,1e-05,1.22638089,-45.0,86.10449624213027,1.0458972116622376,0.29298544852345354,1.9175581796478394,3.4115968200539346e-07,-68.64711379651999,-45.0,23.64711379651999,0.0
dr84,drift,dr84,0.154,,,86.53808736394856,1.046128333431268,0.2936739008947575,1.9224887628214131,3.420343292584006e-07,-22.67565417845981,-45.0,-22.32434582154019,0.0
qm29,quadrupole,qm29,0.299,,,86.53808736394856,1.046128333431268,0.2936739008947575,1.9224887628214131,3.4460698782057417e-07,112.54327984937845,-45.0,-157.54327984937845,0.0
dr85,drift,dr85,0.154,,,86.53808736394856,1.046128333431268,0.2936739008947575,1.9224887628214131,3.471796463827478e-07,-112.23778612277601,-45.0,67.23778612277601,0.0
rf57,rfcavity,rf57,1e-05,1.226672037,-45.0,86.97178142177586,1.0463595100693939,0.2943604512694274,1.9274089845988218,3.480542933698494e-07,-66.26634048071719,-45.0,21.26634048071719,0.0
dr86,drift,dr86,0.308,,,87.40547547960317,1.0465906867075194,0.2950449507811651,1.9323177611681852,3.4979540238470624e-07,25.24634934016285,-45.0,-70.24634934016285,0.0
rf58,rfcavity,rf58,1e-05,1.226897841,-45.0,87.83924937120028,1.0468219059003034,0.29572753951069153,1.9372160800030649,3.515365111376394e-07,116.75902539432718,-45.0,-161.75902539432718,0.0
dr87,drift,dr87,0.154,,,88.27302326279741,1.0470531250930875,0.2964081057389528,1.9421031224258005,3.524030902389396e-07,162.3064229586671,-45.0,152.6935770413329,0.0
qm30,quadrupole,qm30,0.299,,,88.27302326279741,1.0470531250930875,0.2964081057389528,1.9421031224258005,3.5495201741399196e-07,-63.7219647205784,-45.0,18.7219647205784,0.0
dr88,drift,dr88,0.154,,,88.27302326279741,1.0470531250930875,0.2964081057389528,1.9421031224258005,3.575009445890443e-07,70.24964760016883,-45.0,-115.24964760016883,0.0
rf59,rfcavity,rf59,1e-05,1.227059398,-45.0,88.70685427341965,1.047284374732644,0.29708675298277026,1.9469796146651492,3.5836752343231944e-07,115.79703160270947,-45.0,-160.79703160270947,0.0
dr89,drift,dr89,0.308,,,89.1406852840419,1.0475156243722001,0.2977634056232301,1.9518449963629774,3.6009273685040696e-07,-153.5257511426098,-45.0,108.5257511426098,0.0
rf60,rfcavity,rf60,1e-05,1.227157793,-45.0,89.57455108255,1.0477468925551199,0.298438131643279,1.9566997392184318,3.6181795001428677e-07,-62.84854724908655,-45.0,17.84854724908655,0.0
dr90,drift,dr90,0.154,,,90.00841688105811,1.0479781607380396,0.29911089050296324,1.9615435345358534,3.6267669864985977e-07,-17.71271896336839,-45.0,-27.28728103663161,0.0
qm31,quadrupole,qm31,0.299,,,90.00841688105811,1.0479781607380396,0.29911089050296324,1.9615435345358534,3.6520259355911363e-07,115.0483174670153,-45.0,-160.0483174670153,0.0
dr91,drift,dr91,0.154,,,90.00841688105811,1.0479781607380396,0.29911089050296324,1.9615435345358534,3.677284884683675e-07,-112.19064610260466,-45.0,67.19064610260466,0.0
rf61,rfcavity,rf61,1e-05,1.227194102,-45.0,90.44229551673627,1.0482094357636949,0.29978171565703116,1.9663766060529368,3.6858723685347106e-07,-67.05483098156037,-45.0,22.05483098156037,0.0
dr92,drift,dr92,0.308,,,90.87617415241444,1.0484407107893503,0.30045060064744933,1.9711988902251005,3.7029702016199496e-07,22.81137971445787,-45.0,-67.81137971445787,0.0
rf62,rfcavity,rf62,1e-05,1.22716939,-45.0,91.3100440510812,1.048671981157822,0.30111754538165636,1.9760103692457307,3.720068032237109e-07,112.67757743824404,-45.0,-157.67757743824404,0.0
dr93,drift,dr93,0.154,,,91.74391394974799,1.0489032515262937,0.3017825765110927,1.980811218359648,3.728579493412616e-07,157.41381737671327,-45.0,157.58618262328673,0.0
qm32,quadrupole,qm32,0.299,,,91.74391394974799,1.0489032515262937,0.3017825765110927,1.980811218359648,3.7536148246222045e-07,-71.00048178569341,-45.0,26.00048178569341,0.0
dr94,drift,dr94,0.154,,,91.74391394974799,1.0489032515262937,0.3017825765110927,1.980811218359648,3.7786501558317933e-07,60.58521905190719,-45.0,-105.58521905190719,0.0
rf63,rfcavity,rf63,1e-05,1.227084711,-45.0,92.1777539098672,1.0491345059362973,0.302445661352627,1.9856011844858459,3.787161614575086e-07,105.32144620665349,-45.0,-150.3214462066535,0.0
dr95,drift,dr95,0.308,,,92.61159386998642,1.0493657603463007,0.3031068587186932,1.9903806754428843,3.804109611840567e-07,-165.59988016597708,-45.0,120.59988016597708,0.0
rf64,rfcavity,rf64,1e-05,1.226941109,-45.0,93.04538305913165,1.0495969876933025,0.3037661042693374,1.9951492090056036,3.8210576067089694e-07,-76.5212191376595,-45.0,31.5212191376595,0.0
dr96,drift,dr96,0.154,,,93.47917224827688,1.0498282150403042,0.3044234880523106,1.9999074194890638,3.829495229878069e-07,-32.17307176086615,-45.0,-12.82692823913385,0.0
qm33,quadrupole,qm33,0.299,,,93.47917224827688,1.0498282150403042,0.3044234880523106,1.9999074194890638,3.854313376482249e-07,98.27110679070029,-45.0,-143.2711067907003,0.0
dr97,drift,dr97,0.154,,,93.47917224827688,1.0498282150403042,0.3044234880523106,1.9999074194890638,3.879131523086429e-07,-131.28471465772964,-45.0,86.28471465772964,0.0
rf65,rfcavity,rf65,1e-05,1.226739618,-45.0,93.91289019959588,1.0500594044146363,0.30507891498218004,2.0046546015180056,3.8875691438928763e-07,-86.9365796990387,-45.0,41.9365796990387,0.0
dr98,drift,dr98,0.308,,,94.34660815091488,1.0502905937889684,0.30573250543855823,2.0093916099617193,3.9043715908490427e-07,1.3770815025709453,-45.0,-46.377081502570945,0.0
rf66,rfcavity,rf66,1e-05,1.226481261,-45.0,94.78023475924053,1.050521734473756,0.3063841344795201,2.0141175221522865,3.92117403547629e-07,89.69073046337871,-45.0,-134.6907304633787,0.0
dr99,drift,dr99,0.154,,,95.2138613675662,1.0507528751585438,0.30703395193526906,2.018833407706425,3.9295399202672554e-07,133.661820924699,-45.0,-178.661820924699,0.0
qm34,quadrupole,qm34,0.299,,,95.2138613675662,1.0507528751585438,0.30703395193526906,2.018833407706425,3.9541470580401843e-07,-97.003062940792,-45.0,52.003062940792006,0.0
dr100,drift,dr100,0.154,,,95.2138613675662,1.0507528751585438,0.30703395193526906,2.018833407706425,3.978754195813113e-07,32.33205319372428,-45.0,-77.33205319372428,0.0
rf67,rfcavity,rf67,1e-05,1.226167049,-45.0,95.64737688517388,1.0509839566274435,0.3076818038740466,2.023538132383832,3.98712007830822e-07,76.30313158800709,-45.0,-121.30313158800709,0.0
dr101,drift,dr101,0.308,,,96.08089240278159,1.0512150380963432,0.30832786871753914,2.0282329748779104,4.00378108991146e-07,163.87340857463641,-45.0,151.12659142536359,0.0
rf68,rfcavity,rf68,1e-05,1.225797983,-45.0,96.51427743585364,1.0514460500116587,0.3089719643900957,2.0329165949700196,4.020442099251243e-07,-108.55632633546702,-45.0,63.55632633546702,0.0
dr102,drift,dr102,0.154,,,96.94766246892569,1.051677061926974,0.30961429706632676,2.0375904748846105,4.028738262206703e-07,-64.95169384156907,-45.0,19.951693841569067,0.0
qm35,quadrupole,qm35,0.299,,,96.94766246892569,1.051677061926974,0.30961429706632676,2.0375904748846105,4.053140322537333e-07,63.305535256225994,-45.0,-108.305535256226,0.0
dr103,drift,dr103,0.154,,,96.94766246892569,1.051677061926974,0.30961429706632676,2.0375904748846105,4.0775423828679636e-07,-168.43723564597894,-45.0,123.43723564597894,0.0
rf69,rfcavity,rf69,1e-05,1.225375053,-45.0,97.38089797366226,1.051907994137582,0.31025465735190283,2.042253073891741,4.0858385435917297e-07,-124.83261488187054,-45.0,79.83261488187054,0.0
dr104,drift,dr104,0.308,,,97.81413347839882,1.05213892634819,0.3108932783563686,2.046906072327227,4.102362072883061e-07,-37.984944926629396,-45.0,-7.015055073370604,0.0
rf70,rfcavity,rf70,1e-05,1.224899239,-45.0,98.24720075748237,1.0523697688876574,0.311529924172238,2.0515477342966797,4.1188855999738366e-07,48.86271346248395,-45.0,-93.86271346248395,0.0
dr105,drift,dr105,0.154,,,98.68026803656595,1.0526006114271247,0.3121648540455294,2.0561799329466957,4.127113978734944e-07,92.11107223086583,-45.0,-137.11107223086583,0.0
qm36,quadrupole,qm36,0.299,,,98.68026803656595,1.0526006114271247,0.3121648540455294,2.0561799329466957,4.15131666093419e-07,-140.6796301298964,-45.0,95.6796301298964,0.0
dr106,drift,dr106,0.154,,,98.68026803656595,1.0526006114271247,0.3121648540455294,2.0561799329466957,4.175519343133437e-07,-13.470332490654982,-45.0,-31.529667509345018,0.0
rf71,rfcavity,rf71,1e-05,1.224371508,-45.0,99.11314873456516,1.052831354511257,0.3127978063403617,2.0608007424366175,4.183747719724519e-07,29.77801487207398,-45.0,-74.77801487207398,0.0
dr107,drift,dr107,0.308,,,99.54602943256435,1.0530620975953893,0.31342906566138445,2.065412223550956,4.200137565936908e-07,115.92304656439228,-45.0,-160.92304656439228,0.0
rf72,rfcavity,rf72,1e-05,1.223792817,-45.0,99.9787055323984,1.0532927316203469,0.31405834541036654,2.0700122656065054,4.2165274100092105e-07,-157.9319329915852,-45.0,112.9319329915852,0.0
dr108,drift,dr108,0.154,,,100.41138163223243,1.0535233656453047,0.31468595479130973,2.0746031119662676,4.224689867243985e-07,-115.03005776561622,-45.0,70.03005776561622,0.0
qm37,quadrupole,qm37,0.299,,,100.41138163223243,1.0535233656453047,0.31468595479130973,2.0746031119662676,4.248698650099414e-07,11.160104922520986,-45.0,-56.160104922520986,0.0
dr109,drift,dr109,0.154,,,100.41138163223243,1.0535233656453047,0.31468595479130973,2.0746031119662676,4.2727074329548446e-07,137.35026761066547,-45.0,177.64973238933453,0.0
rf73,rfcavity,rf73,1e-05,1.223164112,-45.0,100.84383545128205,1.0537538811855296,0.31531158299090345,2.079182472092653,4.2808698880788896e-07,-179.74786825735282,-45.0,134.74786825735282,0.0
dr110,drift,dr110,0.308,,,101.27628927033166,1.0539843967257547,0.31593556307185106,2.083752766982302,4.297129704252168e-07,-94.28627445060192,-45.0,49.28627445060192,0.0
rf74,rfcavity,rf74,1e-05,1.222486327,-45.0,101.70850345619642,1.0542147845317094,0.31655756073420604,2.0883115311148144,4.313389518343512e-07,-8.824691586498375,-45.0,-36.175308413501625,0.0
dr111,drift,dr111,0.154,,,102.14071764206119,1.0544451723376642,0.31717793217741425,2.0928613582913016,4.3214878454379917e-07,33.740115622087615,-45.0,-78.74011562208761,0.0
qm38,quadrupole,qm38,0.299,,,102.14071764206119,1.0544451723376642,0.31717793217741425,2.0928613582913016,4.345307998070843e-07,158.93883786035076,-45.0,156.06116213964924,0.0
dr112,drift,dr112,0.154,,,102.14071764206119,1.0544451723376642,0.31717793217741425,2.0928613582913016,4.369128150703694e-07,-75.86243990138246,-45.0,30.86243990138246,0.0
rf75,rfcavity,rf75,1e-05,1.221760387,-45.0,102.57267516937759,1.0546754233341347,0.31779632032646543,2.097399612777208,4.377226475744484e-07,-33.29764348698882,-45.0,-11.702356513011182,0.0
dr113,drift,dr113,0.308,,,103.00463269669399,1.0549056743306051,0.3184131038123158,2.101929056450909,4.393359775882848e-07,51.49898204024794,-45.0,-96.49898204024794,0.0
rf76,rfcavity,rf76,1e-05,1.220987203,-45.0,103.43631686218563,1.055135779614063,0.3190279034774861,2.1064468880133482,4.40949307399523e-07,136.2955969189279,-45.0,178.7044030810721,0.0
dr114,drift,dr114,0.154,,,103.86800102767728,1.0553658848975211,0.3196411196980659,2.110956032811128,4.417528994524097e-07,178.53239521865908,-45.0,136.46760478134092,0.0
qm39,quadrupole,qm39,0.299,,,103.86800102767728,1.0553658848975211,0.3196411196980659,2.110956032811128,4.441165586597654e-07,-57.23367684273035,-45.0,12.233676842730347,0.0
dr115,drift,dr115,0.154,,,103.86800102767728,1.0553658848975211,0.3196411196980659,2.110956032811128,4.464802178671211e-07,67.0002510958875,-45.0,-112.0002510958875,0.0
rf77,rfcavity,rf77,1e-05,1.220167677,-45.0,104.29939544697295,1.055595835734428,0.3202523519106611,2.115453528532275,4.4728380972012805e-07,109.23703888993259,-45.0,-154.2370388899326,0.0
dr116,drift,dr116,0.308,,,104.73078986626862,1.0558257865713347,0.3208620215660177,2.119942459479715,4.4888482630056743e-07,-166.6135296421744,-45.0,121.6135296421744,0.0
rf78,rfcavity,rf78,1e-05,1.2193027,-45.0,105.16187847001316,1.0560555743960682,0.32146970735472846,2.1244197067769908,4.5048584268379436e-07,-82.46410853976704,-45.0,37.46410853976704,0.0
dr117,drift,dr117,0.154,,,105.59296707375769,1.0562853622208015,0.32207585114824794,2.1288885092737755,4.5128335998302373e-07,-40.54659929227273,-45.0,-4.453400707727269,0.0
qm40,quadrupole,qm40,0.299,,,105.59296707375769,1.0562853622208015,0.32207585114824794,2.1288885092737755,4.5362915111554817e-07,82.74818263321504,-45.0,-127.74818263321504,0.0
dr118,drift,dr118,0.154,,,105.59296707375769,1.0562853622208015,0.32207585114824794,2.1288885092737755,4.559749422480726e-07,-153.95703544130083,-45.0,108.95703544130083,0.0
rf79,rfcavity,rf79,1e-05,1.218393149,-45.0,106.02373410266226,1.056514978633017,0.3226800115332991,2.1333455958656313,4.5677245935270696e-07,-112.03953642172564,-45.0,67.03953642172564,0.0
dr119,drift,dr119,0.308,,,106.45450113156683,1.0567445950452328,0.32328265016574015,2.1377943556505508,4.5836148807322397e-07,-28.520186871352053,-45.0,-16.479813128647947,0.0
rf80,rfcavity,rf80,1e-05,1.217439893,-45.0,106.8849311335805,1.0569740318083565,0.3238833061561714,2.14223136954489,4.5995051660171463e-07,54.999152586122364,-45.0,-99.99915258612236,0.0
dr120,drift,dr120,0.154,,,107.31536113559416,1.0572034685714802,0.3244824603228115,2.146660172683365,4.607421189031301e-07,96.60576954851786,-45.0,-141.60576954851786,0.0
qm41,quadrupole,qm41,0.299,,,107.31536113559416,1.0572034685714802,0.3244824603228115,2.146660172683365,4.630705118611722e-07,-141.01389657678737,-45.0,96.01389657678737,0.0
dr121,drift,dr121,0.154,,,107.31536113559416,1.0572034685714802,0.3244824603228115,2.146660172683365,4.653989048192143e-07,-18.633562702096242,-45.0,-26.366437297903758,0.0
rf81,rfcavity,rf81,1e-05,1.216443789,-45.0,107.74543896166124,1.0574327176104472,0.32507963291186864,2.1510772021516584,4.6619050693112463e-07,22.973044299913454,-45.0,-67.97304429991345,0.0
dr122,drift,dr122,0.308,,,108.17551678772831,1.057661966649414,0.325675323297787,2.155486135009128,4.6776786136550433e-07,105.87879337090999,-45.0,-150.87879337091,0.0
rf82,rfcavity,rf82,1e-05,1.215405683,-45.0,108.6052275878993,1.0578910200485947,0.32626903345893277,2.1598832685646774,4.6934521561285376e-07,-171.21546738840698,-45.0,126.21546738840698,0.0
dr123,drift,dr123,0.154,,,109.03493838807027,1.0581200734477754,0.3268612807349049,2.164272417784086,4.701310568149817e-07,-129.91165380456005,-45.0,84.91165380456005,0.0
qm42,quadrupole,qm42,0.299,,,109.03493838807027,1.0581200734477754,0.3268612807349049,2.164272417784086,4.7244250427038275e-07,-8.421975548681075,-45.0,-36.578024451318925,0.0
dr124,drift,dr124,0.154,,,109.03493838807027,1.0581200734477754,0.3268612807349049,2.164272417784086,4.747539517257838e-07,113.0677027071979,-45.0,-158.0677027071979,0.0
rf83,rfcavity,rf83,1e-05,1.214326409,-45.0,109.46426760725919,1.0583489234487147,0.3274515494174613,2.168649744157164,4.7553979274331103e-07,154.37150658843166,-45.0,160.62849341156834,0.0
dr125,drift,dr125,0.308,,,109.89359682644809,1.058577773449654,0.32804037423548854,2.173019196633335,4.771057750282598e-07,-123.32046451466158,-45.0,78.32046451466158,0.0
rf84,rfcavity,rf84,1e-05,1.213206791,-45.0,110.32253020089692,1.058806412449187,0.3286272223613646,2.1773768047539708,4.786717571309931e-07,-41.01244519499596,-45.0,-3.987554805004038,0.0
dr126,drift,dr126,0.154,,,110.75146357534575,1.0590350514487197,0.3292126453512923,2.1817266476156623,4.794519855482343e-07,-0.00363958480375004,-45.0,-44.99636041519625,0.0
qm43,quadrupole,qm43,0.299,,,110.75146357534575,1.0590350514487197,0.3292126453512923,2.1817266476156623,4.817469237478822e-07,120.61831218868974,-45.0,-165.61831218868974,0.0
dr127,drift,dr127,0.154,,,110.75146357534575,1.0590350514487197,0.3292126453512923,2.1817266476156623,4.840418619475301e-07,-118.75973603781677,-45.0,73.75973603781677,0.0
rf85,rfcavity,rf85,1e-05,1.212047641,-45.0,111.17998712838188,1.0592634719967087,0.32979609381083513,2.186064626589547,4.848220901848979e-07,-77.75093988176741,-45.0,32.75093988176741,0.0
dr128,drift,dr128,0.308,,,111.60851068141801,1.0594918925446979,0.3303781355761031,2.1903949471746844,4.863769915507184e-07,3.9746759057561576,-45.0,-48.97467590575616,0.0
rf86,rfcavity,rf86,1e-05,1.210849763,-45.0,112.03661072062573,1.0597200873425268,0.3309582052259868,2.1947133862738633,4.879318927389652e-07,85.70028236000871,-45.0,-130.7002823600087,0.0
dr129,drift,dr129,0.154,,,112.46471075983344,1.0599482821403556,0.33153688634140066,2.1990242721194395,4.88706651359352e-07,126.42159544754031,-45.0,-171.4215954475403,0.0
qm44,quadrupole,qm44,0.299,,,112.46471075983344,1.0599482821403556,0.33153688634140066,2.1990242721194395,4.909855008833408e-07,-113.80207357160907,-45.0,68.80207357160907,0.0
dr130,drift,dr130,0.154,,,112.46471075983344,1.0599482821403556,0.33153688634140066,2.1990242721194395,4.932643504073295e-07,5.974257409241545,-45.0,-50.974257409241545,0.0
rf87,rfcavity,rf87,1e-05,1.209613946,-45.0,112.89237387175065,1.0601762440381013,0.33211359799922585,2.2033232607481845,4.940391088524013e-07,46.69556128221302,-45.0,-91.69556128221302,0.0
dr131,drift,dr131,0.308,,,113.32003698366786,1.060404205935847,0.33268893900547064,2.2076147995555546,4.955832101238119e-07,127.85352410755513,-45.0,-172.85352410755513,0.0
rf88,rfcavity,rf88,1e-05,1.208340971,-45.0,113.74725003095767,1.0606319279307728,0.3332623134478376,2.21189442724171,4.971273112221259e-07,-150.98852216506566,-45.0,105.98852216506566,0.0
dr132,drift,dr132,0.154,,,114.1744630782475,1.0608596499256984,0.33383433484944186,2.216166706867205,4.978967379506562e-07,-110.5474533135166,-45.0,65.5474533135166,0.0
qm45,quadrupole,qm45,0.299,,,114.1744630782475,1.0608596499256984,0.33383433484944186,2.216166706867205,5.001599044280186e-07,8.404576736658782,-45.0,-53.40457673665878,0.0
dr133,drift,dr133,0.154,,,114.1744630782475,1.0608596499256984,0.33383433484944186,2.216166706867205,5.024230709053809e-07,127.35660678681961,-45.0,-172.3566067868196,0.0
rf89,rfcavity,rf89,1e-05,1.207031607,-45.0,114.6012131954556,1.0610871251599918,0.33440439280817785,2.220427063239464,5.031924974629934e-07,167.79766665493298,-45.0,147.20233334506702,0.0
dr134,drift,dr134,0.308,,,115.0279633126637,1.061314600394285,0.33497311506964944,2.2246801716710536,5.047260695321063e-07,-111.59778539248873,-45.0,66.59778539248873,0.0
rf90,rfcavity,rf90,1e-05,1.205686613,-45.0,115.45423790268276,1.0615418221531734,0.33553987722907874,2.2289213464436677,5.062596414324418e-07,-30.99324631085983,-45.0,-14.006753689140169,0.0
dr135,drift,dr135,0.154,,,115.88051249270184,1.061769043912062,0.3361053207720785,2.233155371785025,5.07023869320959e-07,9.174571509607631,-45.0,-54.17457150960763,0.0
qm46,quadrupole,qm46,0.299,,,115.88051249270184,1.061769043912062,0.3361053207720785,2.233155371785025,5.092717441058279e-07,127.32287020231524,-45.0,-172.32287020231524,0.0
dr136,drift,dr136,0.154,,,115.88051249270184,1.061769043912062,0.3361053207720785,2.233155371785025,5.115196188906968e-07,-114.5288311049735,-45.0,69.5288311049735,0.0
rf91,rfcavity,rf91,1e-05,1.204306738,-45.0,116.30629922323607,1.0619960056219284,0.336668807766363,2.237377454742738,5.122838466125393e-07,-74.36102204493363,-45.0,29.361022044933634,0.0
dr137,drift,dr137,0.308,,,116.7320859537703,1.0622229673317947,0.3372309929669466,2.2415924851975086,5.138071508857925e-07,5.703850557252736,-45.0,-50.703850557252736,0.0
rf92,rfcavity,rf92,1e-05,1.202892718,-45.0,117.15737275273915,1.0624496625577273,0.3377912253760922,2.245795566170173,5.15330454994437e-07,85.76871450760518,-45.0,-130.76871450760518,0.0
dr138,drift,dr138,0.154,,,117.582659551708,1.0626763577836602,0.33835017256064115,2.249991690016082,5.160896124589096e-07,125.67003084029056,-45.0,-170.67003084029056,0.0
qm47,quadrupole,qm47,0.299,,,117.582659551708,1.0626763577836602,0.33835017256064115,2.249991690016082,5.183225732696163e-07,-116.9655489489669,-45.0,71.9655489489669,0.0
dr139,drift,dr139,0.154,,,117.582659551708,1.0626763577836602,0.33835017256064115,2.249991690016082,5.205555340803233e-07,0.39887126179382904,-45.0,-45.39887126179383,0.0
rf93,rfcavity,rf93,1e-05,1.201445282,-45.0,118.00743460477139,1.0629027802281334,0.33890717090939015,2.25417585887458,5.213146913822172e-07,40.30017904933629,-45.0,-85.3001790493363,0.0
dr140,drift,dr140,0.308,,,118.43220965783479,1.0631292026726067,0.3394629003534,2.2583531644586623,5.228279802029499e-07,119.83863946704514,-45.0,-164.83863946704514,0.0
rf94,rfcavity,rf94,1e-05,1.199965145,-45.0,118.85646140344329,1.0633553461728429,0.34001668510691946,2.2625185110865194,5.243412688630991e-07,-160.622908555506,-45.0,115.622908555506,0.0
dr141,drift,dr141,0.154,,,119.28071314905179,1.063581489673079,0.34056921703061444,2.266677086796228,5.250954798891255e-07,-120.98157702756362,-45.0,75.98157702756362,0.0
qm48,quadrupole,qm48,0.299,,,119.28071314905179,1.063581489673079,0.34056921703061444,2.266677086796228,5.273138914126659e-07,-4.381867350279208,-45.0,-40.61813264972079,0.0
dr142,drift,dr142,0.154,,,119.28071314905179,1.063581489673079,0.34056921703061444,2.266677086796228,5.295323029362061e-07,112.21784232699429,-45.0,-157.2178423269943,0.0
rf95,rfcavity,rf95,1e-05,1.198453014,-45.0,119.70443027561822,1.0638073481995403,0.3411198085930446,2.2708237010823744,5.302865138036095e-07,151.85916551771516,-45.0,163.14083448228484,0.0
dr143,drift,dr143,0.308,,,120.12814740218465,1.0640332067260017,0.34166916315983564,2.2749636353377443,5.317900308518511e-07,-129.1159784267038,-45.0,84.1159784267038,0.0
rf96,rfcavity,rf96,1e-05,1.196909585,-45.0,120.55131884419498,1.0642587743803171,0.3422165818715037,2.279091607158989,5.332935477433965e-07,-50.09113060708114,-45.0,5.091130607081141,0.0
dr144,drift,dr144,0.154,,,120.97449028620532,1.0644843420346328,0.34276277918512027,2.283212988394555,5.340429320806847e-07,-10.703489839212125,-45.0,-34.296510160787875,0.0
qm49,quadrupole,qm49,0.299,,,120.97449028620532,1.0644843420346328,0.34276277918512027,2.283212988394555,5.362471465447523e-07,105.15002239218302,-45.0,-150.15002239218302,0.0
dr145,drift,dr145,0.154,,,120.97449028620532,1.0644843420346328,0.34276277918512027,2.283212988394555,5.384513610088197e-07,-138.99646537643275,-45.0,93.99646537643275,0.0
rf97,rfcavity,rf97,1e-05,1.195335544,-45.0,121.39710522068319,1.0647096130477145,0.34330704532027345,2.2873224076016814,5.392007451913059e-07,-99.60883274495791,-45.0,54.60883274495791,0.0
dr146,drift,dr146,0.308,,,121.81972015516104,1.0649348840607962,0.34385010542241756,2.291425324252047,5.406947258622184e-07,-21.085208681797667,-45.0,-23.914791318202333,0.0
rf98,rfcavity,rf98,1e-05,1.193731566,-45.0,122.24176799777855,1.065159852790765,0.34439123918655645,2.2955162806526173,5.421887063801909e-07,57.43840734283367,-45.0,-102.43840734283367,0.0
dr147,drift,dr147,0.154,,,122.66381584039607,1.065384821520734,0.3449311820541591,2.2996008211347427,5.429333797267004e-07,96.57843843537194,-45.0,-141.57843843537194,0.0
qm50,quadrupole,qm50,0.299,,,122.66381584039607,1.065384821520734,0.3449311820541591,2.2996008211347427,5.45123737441316e-07,-148.29636008442685,-45.0,103.29636008442685,0.0
dr148,drift,dr148,0.154,,,122.66381584039607,1.065384821520734,0.3449311820541591,2.2996008211347427,5.473140951559317e-07,-33.17115860422928,-45.0,-11.828841395770723,0.0
rf99,rfcavity,rf99,1e-05,1.192098318,-45.0,123.08528624264551,1.065609482451413,0.34546920358278743,2.3036734044863447,5.480587683513315e-07,5.968864545986435,-45.0,-50.968864545986435,0.0
dr149,drift,dr149,0.308,,,123.50675664489495,1.0658341433820921,0.3460060491266773,2.307739657192251,5.495434401136426e-07,84.00321237305616,-45.0,-129.00321237305616,0.0
rf100,rfcavity,rf100,1e-05,1.190436456,-45.0,123.9276394901996,1.066058491120933,0.3465409784827291,2.311793957185509,5.510281117266436e-07,162.03755235239078,-45.0,152.96244764760922,0.0
dr150,drift,dr150,0.154,,,124.34852233550423,1.0662828388597738,0.3470747465449861,2.3158420104647957,5.517681859030373e-07,-159.0641489363552,-45.0,114.0641489363552,0.0
qm51,quadrupole,qm51,0.299,,,124.34852233550423,1.0662828388597738,0.3470747465449861,2.3158420104647957,5.53945015773677e-07,-44.64997093553757,-45.0,-0.35002906446243287,0.0
dr151,drift,dr151,0.154,,,124.34852233550423,1.0662828388597738,0.3470747465449861,2.3158420104647957,5.561218456443166e-07,69.76420706528006,-45.0,-114.76420706528006,0.0
rf101,rfcavity,rf101,1e-05,1.188746624,-45.0,124.76880773497574,1.0665068681355954,0.3476066037158671,2.3198781167031735,5.568619196731699e-07,108.66249802180755,-45.0,-153.66249802180755,0.0
dr152,drift,dr152,0.308,,,125.18909313444725,1.0667308974114167,0.3481373140667934,2.3239080588423473,5.583375024088225e-07,-173.78087339229023,-45.0,128.78087339229023,0.0
rf102,rfcavity,rf102,1e-05,1.187029459,-45.0,125.6087714244108,1.0669546030730854,0.348666118963712,2.327926060839067,5.598130849986748e-07,-96.22425246965577,-45.0,51.22425246965577,0.0
dr153,drift,dr153,0.154,,,126.02844971437435,1.0671783087347542,0.3491937913010903,2.331937980057974,5.60548668113687e-07,-57.562003944611206,-45.0,12.562003944611206,0.0
qm52,quadrupole,qm52,0.299,,,126.02844971437435,1.0671783087347542,0.3491937913010903,2.331937980057974,5.627122881276877e-07,56.15786399127319,-45.0,-101.15786399127319,0.0
dr154,drift,dr154,0.154,,,126.02844971437435,1.0671783087347542,0.3491937913010903,2.331937980057974,5.648759081416883e-07,169.8777319271394,-45.0,145.1222680728606,0.0
rf103,rfcavity,rf103,1e-05,1.185285589,-45.0,126.44751145318665,1.067401685749489,0.3497195637575172,2.335937967226125,5.656114911126113e-07,-151.46002712114569,-45.0,106.46002712114569,0.0
dr155,drift,dr155,0.308,,,126.86657319199894,1.0676250627642239,0.35024421770499387,2.339931951667557,5.670781974388339e-07,-74.36994261488508,-45.0,29.369942614885076,0.0
rf104,rfcavity,rf104,1e-05,1.183515629,-45.0,127.28500915545202,1.0678481062151453,0.3507669774733839,2.3439140132967644,5.685449036226502e-07,2.720134406492434,-45.0,-47.720134406492434,0.0
dr156,drift,dr156,0.154,,,127.7034451189051,1.0680711496660669,0.3512886325771311,2.347890151002714,5.692761002299145e-07,41.151828084304725,-45.0,-86.15182808430473,0.0
qm53,quadrupole,qm53,0.299,,,127.7034451189051,1.0680711496660669,0.3512886325771311,2.347890151002714,5.714268179177633e-07,154.19354975764145,-45.0,160.80645024235855,0.0
dr157,drift,dr157,0.154,,,127.7034451189051,1.0680711496660669,0.3512886325771311,2.347890151002714,5.73577535605612e-07,-92.7647285690291,-45.0,47.7647285690291,0.0
rf105,rfcavity,rf105,1e-05,1.181720187,-45.0,128.12124629775147,1.0682938547508782,0.3518083993283586,2.3518543762561928,5.743087320721254e-07,-54.33304228909037,-45.0,9.333042289090372,0.0
dr158,drift,dr158,0.308,,,128.53904747659783,1.0685165598356896,0.3523270750564354,2.3558127551644166,5.757667676469291e-07,22.3013075225972,-45.0,-67.3013075225972,0.0
rf106,rfcavity,rf106,1e-05,1.179899861,-45.0,128.95620507301493,1.0687389218647922,0.35284386837792187,2.35975923306589,5.772248030826101e-07,98.93565002198739,-45.0,-143.93565002198739,0.0
dr159,drift,dr159,0.154,,,129.373362669432,1.0689612838938949,0.3533595841183409,2.3636999409964212,5.77951714329478e-07,137.1421051573634,-45.0,177.8578948426366,0.0
qm54,quadrupole,qm54,0.299,,,129.373362669432,1.0689612838938949,0.3533595841183409,2.3636999409964212,5.800898272025415e-07,-110.47868223441765,-45.0,65.47868223441765,0.0
dr160,drift,dr160,0.154,,,129.373362669432,1.0689612838938949,0.3533595841183409,2.3636999409964212,5.822279400756051e-07,1.9005303738085786,-45.0,-46.90053037380858,0.0
rf107,rfcavity,rf107,1e-05,1.17805524,-45.0,129.78986809384017,1.0691832982886924,0.35387342351265794,2.3676287604204456,5.829548511849522e-07,40.106978281080956,-45.0,-85.10697828108096,0.0
dr161,drift,dr161,0.308,,,130.20637351824834,1.0694053126834897,0.3543861985719203,2.3715518850654633,5.844044149971077e-07,116.2960522479807,-45.0,-161.2960522479807,0.0
rf108,rfcavity,rf108,1e-05,1.176186903,-45.0,130.6222183857754,1.0696269749745027,0.3548971034549844,2.3754631347244404,5.858539786733182e-07,-167.51488093039006,-45.0,122.51488093039006,0.0
dr162,drift,dr162,0.154,,,131.03806325330243,1.0698486372655156,0.35540695705621517,2.379368763634883,5.865767024421357e-07,-129.52851964134243,-45.0,84.52851964134243,0.0
qm55,quadrupole,qm55,0.299,,,131.03806325330243,1.0698486372655156,0.35540695705621517,2.379368763634883,5.887024984082071e-07,-17.796683664633747,-45.0,-27.203316335366253,0.0
dr163,drift,dr163,0.154,,,131.03806325330243,1.0698486372655156,0.35540695705621517,2.379368763634883,5.908282943742786e-07,93.93515231208585,-45.0,-138.93515231208585,0.0
rf109,rfcavity,rf109,1e-05,1.174295421,-45.0,131.45323938095515,1.0700699430908747,0.3559149467563846,2.3832625320727616,5.915510180087017e-07,131.92150653736826,-45.0,-176.92150653736826,0.0
dr164,drift,dr164,0.308,,,131.86841550860785,1.0702912489162335,0.35642189803836277,2.3871507526515865,5.929923026530879e-07,-152.32457255369445,-45.0,107.32457255369445,0.0
rf110,rfcavity,rf110,1e-05,1.172381354,-45.0,132.28291491138287,1.0705121940196058,0.35692699179425524,2.3910271282275977,5.944335871646053e-07,-76.57065862834497,-45.0,31.570658628344972,0.0
dr165,drift,dr165,0.154,,,132.69741431415792,1.0707331391229782,0.35743105980917894,2.394898027713158,5.951522182069052e-07,-38.79941104506361,-45.0,-6.200588954936393,0.0
qm56,quadrupole,qm56,0.299,,,132.69741431415792,1.0707331391229782,0.35743105980917894,2.394898027713158,5.972659759649108e-07,72.29969671571234,-45.0,-117.29969671571234,0.0
dr166,drift,dr166,0.154,,,132.69741431415792,1.0707331391229782,0.35743105980917894,2.394898027713158,5.993797337229164e-07,-176.6011955235117,-45.0,131.6011955235117,0.0
rf111,rfcavity,rf111,1e-05,1.170445256,-45.0,133.11122920292053,1.070953719352437,0.357933276769679,2.3987570986021334,6.000983646338485e-07,-138.8299548449213,-45.0,93.8299548449213,0.0
dr167,drift,dr167,0.308,,,133.52504409168316,1.0711742995818958,0.3584344804831051,2.4026107640680565,6.015315565730602e-07,-63.501386519950756,-45.0,18.501386519950756,0.0
rf112,rfcavity,rf112,1e-05,1.16848767,-45.0,133.9381668692781,1.071394510887847,0.3589338397052272,2.406452618244148,6.029647483823816e-07,11.827174977977847,-45.0,-56.82717497797785,0.0
dr168,drift,dr168,0.154,,,134.35128964687303,1.0716147221937986,0.3594321979938822,2.4102891365826977,6.036793784464038e-07,49.38813114298682,-45.0,-94.38813114298682,0.0
qm57,quadrupole,qm57,0.299,,,134.35128964687303,1.0716147221937986,0.3594321979938822,2.4102891365826977,6.057813678614887e-07,159.8686947998467,-45.0,155.1313052001533,0.0
dr169,drift,dr169,0.154,,,134.35128964687303,1.0716147221937986,0.3594321979938822,2.4102891365826977,6.078833572765734e-07,-89.65074154330068,-45.0,44.65074154330068,0.0
rf113,rfcavity,rf113,1e-05,1.166509131,-45.0,134.76371290529607,1.071834560627474,0.3599287184419545,2.414113861813048,6.085979872121591e-07,-52.08979212891791,-45.0,7.089792128917907,0.0
dr170,drift,dr170,0.308,,,135.17613616371915,1.0720543990611493,0.36042425009285833,2.4179333197283954,6.100232670251553e-07,22.822914842166938,-45.0,-67.82291484216694,0.0
rf114,rfcavity,rf114,1e-05,1.164510165,-45.0,135.58785268093524,1.072273860772909,0.36091795063729043,2.4217410035634432,6.114485467111459e-07,97.73561513783352,-45.0,-142.73561513783352,0.0
dr171,drift,dr171,0.154,,,135.99956919815133,1.0724933224846687,0.36141067434647295,2.4255434875616375,6.121592646630736e-07,135.0909506911521,-45.0,179.9090493088479,0.0
qm58,quadrupole,qm58,0.299,,,135.99956919815133,1.0724933224846687,0.36141067434647295,2.4255434875616375,6.142497471232001e-07,-115.03329120459966,-45.0,70.03329120459966,0.0
dr172,drift,dr172,0.154,,,135.99956919815133,1.0724933224846687,0.36141067434647295,2.4255434875616375,6.163402295833267e-07,-5.157533100347791,-45.0,-39.84246689965221,0.0
rf115,rfcavity,rf115,1e-05,1.162491289,-45.0,136.4105719349124,1.0727124037223061,0.36190157376254806,2.4293342173254504,6.170509474096575e-07,32.19779585159631,-45.0,-77.19779585159631,0.0
dr173,drift,dr173,0.308,,,136.82157467167352,1.0729314849599438,0.362391508133786,2.4331198137043777,6.184684900282303e-07,106.70383588378536,-45.0,-151.70383588378536,0.0
rf116,rfcavity,rf116,1e-05,1.160453013,-45.0,137.23185676904384,1.0731501820673663,0.362879625101312,2.4368936764914553,6.198860325225926e-07,-178.790130612535,-45.0,133.790130612535,0.0
dr174,drift,dr174,0.154,,,137.64213886641417,1.0733688791747888,0.36336678864572247,2.440662471337261,6.205929244618781e-07,-141.63589028368733,-45.0,96.63589028368733,0.0
qm59,quadrupole,qm59,0.299,,,137.64213886641417,1.0733688791747888,0.36336678864572247,2.440662471337261,6.226721532170421e-07,-32.35162691226287,-45.0,-12.648373087737127,0.0
dr175,drift,dr175,0.154,,,137.64213886641417,1.0733688791747888,0.36336678864572247,2.440662471337261,6.247513819722062e-07,76.93263645916159,-45.0,-121.93263645916159,0.0
rf117,rfcavity,rf117,1e-05,1.158395839,-45.0,138.05169364294176,1.07358718859051,0.3638521417482643,2.444419554005984,6.254582737886463e-07,114.08687033124443,-45.0,-159.08687033124443,0.0
dr176,drift,dr176,0.308,,,138.46124841946937,1.0738054980062308,0.3643365528834878,2.4481716331861967,6.268682487223953e-07,-171.8048471509028,-45.0,126.80484715090279,0.0
rf118,rfcavity,rf118,1e-05,1.156320257,-45.0,138.8700693669434,1.0740234162611082,0.36481916060594083,2.451912022339274,6.28278223534643e-07,-97.69657101916528,-45.0,52.696571019165276,0.0
dr177,drift,dr177,0.154,,,139.27889031441742,1.0742413345159854,0.36530083765366805,2.455647471482936,6.28981372903743e-07,-60.73904017926543,-45.0,15.73904017926543,0.0
qm60,quadrupole,qm60,0.299,,,139.27889031441742,1.0742413345159854,0.36530083765366805,2.455647471482936,6.310495933887453e-07,47.966628512462194,-45.0,-92.9666285124622,0.0
dr178,drift,dr178,0.154,,,139.27889031441742,1.0742413345159854,0.36530083765366805,2.455647471482936,6.331178138737476e-07,156.67229720417527,-45.0,158.32770279582473,0.0
rf119,rfcavity,rf119,1e-05,1.154226754,-45.0,139.68697109680758,1.0744588582326562,0.36578071838361864,2.4593712534770207,6.338209631226691e-07,-166.3701782725111,-45.0,121.37017827251111,0.0
dr179,drift,dr179,0.308,,,140.09505187919774,1.074676381949327,0.36625967957089395,2.4630901579839355,6.352235346731346e-07,-92.65101758004312,-45.0,47.65101758004312,0.0
rf120,rfcavity,rf120,1e-05,1.152115806,-45.0,140.50238632876514,1.0748935078401345,0.3667368515966278,2.4667974189131763,6.366261061047245e-07,-18.931863135680032,-45.0,-26.068136864319968,0.0
dr180,drift,dr180,0.154,,,140.90972077833254,1.0751106337309422,0.3672131150538133,2.4704998639371603,6.373255937935803e-07,17.833209790587716,-45.0,-62.833209790587716,0.0
qm61,quadrupole,qm61,0.299,,,140.90972077833254,1.0751106337309422,0.3672131150538133,2.4704998639371603,6.393830439353408e-07,125.97278924151033,-45.0,-170.97278924151033,0.0
dr181,drift,dr181,0.154,,,140.90972077833254,1.0751106337309422,0.3672131150538133,2.4704998639371603,6.414404940771014e-07,-125.88763130754523,-45.0,80.88763130754523,0.0
rf121,rfcavity,rf121,1e-05,1.14998788,-45.0,141.3163028924477,1.0753273585962402,0.36768759656319006,2.4741906896232937,6.421399816483646e-07,-89.1225645619561,-45.0,44.122564561956096,0.0
dr182,drift,dr182,0.308,,,141.7228850065629,1.0755440834615382,0.3681611803227914,2.4778767600619367,6.435353091129309e-07,-15.784153024353145,-45.0,-29.215846975646855,0.0
rf122,rfcavity,rf122,1e-05,1.147843439,-45.0,142.1287089462916,1.0757604041889361,0.36863298940418204,2.4815512360602963,6.449306364611681e-07,57.55425239900069,-45.0,-102.55425239900069,0.0
dr183,drift,dr183,0.154,,,142.5345328860203,1.0759767249163341,0.36910391140173676,2.4852210165606645,6.456265409067157e-07,94.13099005697586,-45.0,-139.13099005697586,0.0
qm62,quadrupole,qm62,0.299,,,142.5345328860203,1.0759767249163341,0.36910391140173676,2.4852210165606645,6.476734514169689e-07,-158.28339352410694,-45.0,113.28339352410694,0.0
dr184,drift,dr184,0.154,,,142.5345328860203,1.0759767249163341,0.36910391140173676,2.4852210165606645,6.497203619272221e-07,-50.697777105204295,-45.0,5.697777105204295,0.0
rf123,rfcavity,rf123,1e-05,1.145682934,-45.0,142.9395929718808,1.0761926384784364,0.36957306604166545,2.4888792281404575,6.504162662576849e-07,-14.121045496081933,-45.0,-30.878954503918067,0.0
dr185,drift,dr185,0.308,,,143.34465305774137,1.0764085520405386,0.3700413441133431,2.492532803079076,6.518045041238438e-07,58.84473674923356,-45.0,-103.84473674923356,0.0
rf124,rfcavity,rf124,1e-05,1.143506811,-45.0,143.74894376793694,1.0766240554940023,0.3705078621970228,2.496174835226041,6.531927418761435e-07,131.8105130101103,-45.0,-176.8105130101103,0.0
dr186,drift,dr186,0.154,,,144.1532344781325,1.076839558947466,0.37097351408011264,2.4998122887112473,6.538851391571335e-07,168.2029140989398,-45.0,146.7970859010602,0.0
qm63,quadrupole,qm63,0.299,,,144.1532344781325,1.076839558947466,0.37097351408011264,2.4998122887112473,6.559217338113293e-07,-84.75367087652558,-45.0,39.753670876525575,0.0
dr187,drift,dr187,0.154,,,144.1532344781325,1.076839558947466,0.37097351408011264,2.4998122887112473,6.579583284655252e-07,22.289744148001773,-45.0,-67.28974414800177,0.0
rf125,rfcavity,rf125,1e-05,1.141315509,-45.0,144.55675044607614,1.0770546494316808,0.37143741339114833,2.5034382261237544,6.586507256338632e-07,58.68213931584614,-45.0,-103.68213931584614,0.0
dr188,drift,dr188,0.308,,,144.96026641401977,1.0772697399158957,0.37190045672371697,2.50705964199149,6.600320237643546e-07,131.28316905448446,-45.0,-176.28316905448446,0.0
rf126,rfcavity,rf126,1e-05,1.139109457,-45.0,145.363002424799,1.0774844146511007,0.3723617549425946,2.510669569067042,6.61413321783383e-07,-156.1158070653837,-45.0,111.1158070653837,0.0
dr189,drift,dr189,0.154,,,145.7657384355782,1.0776990893863057,0.37282220726193677,2.5142750308671027,6.621022857107671e-07,-119.90386304208369,-45.0,74.90386304208369,0.0
qm64,quadrupole,qm64,0.299,,,145.7657384355782,1.0776990893863057,0.37282220726193677,2.5142750308671027,6.641287816139282e-07,-13.391238371928921,-45.0,-31.60876162807108,0.0
dr190,drift,dr190,0.154,,,145.7657384355782,1.0776990893863057,0.37282220726193677,2.5142750308671027,6.661552775170894e-07,93.12138629822584,-45.0,-138.12138629822584,0.0
rf127,rfcavity,rf127,1e-05,1.136889078,-45.0,146.16768942383356,1.0779133456724574,0.3732809219661483,2.5178690317014905,6.668442413341817e-07,129.33332452458853,-45.0,-174.33332452458853,0.0
dr191,drift,dr191,0.308,,,146.56964041208892,1.078127601958609,0.3737388007088651,2.521458622696374,6.682187451435095e-07,-158.42275525713922,-45.0,113.42275525713922,0.0
rf128,rfcavity,rf128,1e-05,1.134654788,-45.0,146.97080145953922,1.078341437174063,0.3741949493726219,2.525036781079541,6.695932488436996e-07,-86.17884077514464,-45.0,41.178840775144636,0.0
dr192,drift,dr192,0.154,,,147.37196250698952,1.0785552723895167,0.37465027187429467,2.5286105842400524,6.702788510468329e-07,-50.14358897845523,-45.0,5.143588978455227,0.0
qm65,quadrupole,qm65,0.299,,,147.37196250698952,1.0785552723895167,0.37465027187429467,2.5286105842400524,6.722954588871105e-07,55.84931910652813,-45.0,-100.84931910652813,0.0
dr193,drift,dr193,0.154,,,147.37196250698952,1.0785552723895167,0.37465027187429467,2.5286105842400524,6.743120667273879e-07,161.84222719151876,-45.0,153.15777280848124,0.0
rf129,rfcavity,rf129,1e-05,1.132406996,-45.0,147.77232883995686,1.0787686839897073,0.3751038718682349,2.5321729836518223,6.749976688225204e-07,-162.1225266883339,-45.0,117.12252668833389,0.0
dr194,drift,dr194,0.308,,,148.1726951729242,1.0789820955898977,0.3755566553630917,2.535731081652527,6.763655194453388e-07,-90.22829795299185,-45.0,45.22829795299185,0.0
rf130,rfcavity,rf130,1e-05,1.130146103,-45.0,148.5722621595056,1.0791950811058317,0.376007723953593,2.539277805255132,6.777333699612766e-07,-18.33407483530027,-45.0,-26.66592516469973,0.0
dr195,drift,dr195,0.154,,,148.97182914608703,1.0794080666217658,0.3764579855737817,2.542820280466629,6.784156799701549e-07,17.5281392313409,-45.0,-62.5281392313409,0.0
qm66,quadrupole,qm66,0.299,,,148.97182914608703,1.0794080666217658,0.3764579855737817,2.542820280466629,6.804226042607162e-07,123.01207994324795,-45.0,-168.01207994324795,0.0
dr196,drift,dr196,0.154,,,148.97182914608703,1.0794080666217658,0.3764579855737817,2.542820280466629,6.824295285512776e-07,-131.503979344845,-45.0,86.50397934484499,0.0
rf131,rfcavity,rf131,1e-05,1.127872504,-45.0,149.37059229403317,1.079620623658891,0.37690653992307,2.5463514111034056,6.831118384543792e-07,-95.64177083782852,-45.0,50.64177083782852,0.0
dr197,drift,dr197,0.308,,,149.76935544197931,1.0798331806960162,0.3773542966987263,2.5498783455907508,6.844731729061593e-07,-24.09003205226327,-45.0,-20.90996794773673,0.0
rf132,rfcavity,rf132,1e-05,1.125586587,-45.0,150.16731039621948,1.0800453069329021,0.3778003538645795,2.553393965781576,6.858345072532507e-07,47.461701230859035,-45.0,-92.46170123085903,0.0
dr198,drift,dr198,0.154,,,150.56526535045964,1.0802574331697878,0.37824562272349305,2.556905441299474,6.86513592577e-07,83.15442584711855,-45.0,-128.15442584711855,0.0
qm67,quadrupole,qm67,0.299,,,150.56526535045964,1.0802574331697878,0.37824562272349305,2.556905441299474,6.885110318868955e-07,-171.86016402477253,-45.0,126.86016402477253,0.0
dr199,drift,dr199,0.154,,,150.56526535045964,1.0802574331697878,0.37824562272349305,2.556905441299474,6.905084711967911e-07,-66.8747538966636,-45.0,21.874753896663606,0.0
rf133,rfcavity,rf133,1e-05,1.123288732,-45.0,150.96240789027345,1.0804691263566182,0.3786891996585472,2.5604056332329814,6.911875564169236e-07,-31.18203472649475,-45.0,-13.817965273505251,0.0
dr200,drift,dr200,0.308,,,151.35955043008727,1.0806808195434485,0.37913199742543513,2.5639017312177876,6.925425077473309e-07,40.03420719970745,-45.0,-85.03420719970745,0.0
rf134,rfcavity,rf134,1e-05,1.120979313,-45.0,151.75587646698335,1.0808920775008903,0.37957311097728513,2.567386576749761,6.938974589751778e-07,111.25044373534911,-45.0,-156.2504437353491,0.0
dr201,drift,dr201,0.154,,,152.1522025038794,1.0811033354583324,0.38001345437384954,2.5708673783175837,6.945733851769988e-07,146.77712490305566,-45.0,168.22287509694434,0.0
qm68,quadrupole,qm68,0.299,,,152.1522025038794,1.0811033354583324,0.38001345437384954,2.5708673783175837,6.965615323515999e-07,-108.72585959990829,-45.0,63.72585959990829,0.0
dr202,drift,dr202,0.154,,,152.1522025038794,1.0811033354583324,0.38001345437384954,2.5708673783175837,6.985496795262011e-07,-4.2288441028722445,-45.0,-40.771155897127755,0.0
rf135,rfcavity,rf135,1e-05,1.118658699,-45.0,152.54770807982752,1.081314156076594,0.38045212128552997,2.574336958972293,6.992256056265029e-07,31.297831728996243,-45.0,-76.29783172899624,0.0
dr203,drift,dr203,0.308,,,152.94321365577562,1.0815249766948558,0.38089002693090307,2.5778025449201083,7.00574303065882e-07,102.18536914276046,-45.0,-147.18536914276046,0.0
rf136,rfcavity,rf136,1e-05,1.11632725,-45.0,153.3378949400248,1.0817353579319908,0.3813262638397883,2.5812569418790976,7.019230004047683e-07,173.0729012746233,-45.0,141.9270987253767,0.0
dr204,drift,dr204,0.154,,,153.73257622427394,1.0819457391691258,0.38176174824940184,2.584707392673326,7.02595831173519e-07,-151.5631135198346,-45.0,106.56311351983459,0.0
qm69,quadrupole,qm69,0.299,,,153.73257622427394,1.0819457391691258,0.38176174824940184,2.584707392673326,7.045748735450723e-07,-47.54464647099667,-45.0,2.5446464709966676,0.0
dr205,drift,dr205,0.154,,,153.73257622427394,1.0819457391691258,0.38176174824940184,2.584707392673326,7.065539159166254e-07,56.473820577833976,-45.0,-101.47382057783398,0.0
rf137,rfcavity,rf137,1e-05,1.113985322,-45.0,154.1264295119382,1.0821556790502787,0.38219557168806634,2.588146686779622,7.07226746585895e-07,91.8378005546474,-45.0,-136.8378005546474,0.0
dr206,drift,dr206,0.308,,,154.52028279960246,1.0823656189314315,0.3826286512744728,2.5915820825600853,7.085693156851968e-07,162.403232413948,-45.0,152.596767586052,0.0
rf138,rfcavity,rf138,1e-05,1.111633262,-45.0,154.9133045084788,1.0825751155471417,0.3830600776695877,2.595006354306798,7.099118846860146e-07,-127.0313409030714,-45.0,82.0313409030714,0.0
dr207,drift,dr207,0.154,,,155.30632621735515,1.0827846121628517,0.3834907687413266,2.5984267748751217,7.105816819046086e-07,-91.82679909377475,-45.0,46.82679909377475,0.0
qm70,quadrupole,qm70,0.299,,,155.30632621735515,1.0827846121628517,0.3834907687413266,2.5984267748751217,7.125518014934153e-07,11.722686493907531,-45.0,-56.72268649390753,0.0
dr208,drift,dr208,0.154,,,155.30632621735515,1.0827846121628517,0.3834907687413266,2.5984267748751217,7.14521921082222e-07,115.27217208158982,-45.0,-160.27217208158982,0.0
rf139,rfcavity,rf139,1e-05,1.109271413,-45.0,155.6985128865095,1.0829936636683,0.3839198144145015,2.6018361044093976,7.151917182033153e-07,150.4767087662549,-45.0,164.5232912337451,0.0
dr209,drift,dr209,0.308,,,156.09069955566383,1.0832027151737484,0.3843481331769059,2.6052416292327334,7.16528280967835e-07,-139.27355233058915,-45.0,94.27355233058915,0.0
rf140,rfcavity,rf140,1e-05,1.106900112,-45.0,156.48204784330952,1.083411319787626,0.3847748143447363,2.6086360963533717,7.178648436358234e-07,-69.02381850111851,-45.0,24.023818501118512,0.0
dr210,drift,dr210,0.154,,,156.8733961309552,1.083619924401504,0.38520077689994503,2.6120268045617823,7.185316674466111e-07,-33.97555900611769,-45.0,-11.024440993882308,0.0
qm71,quadrupole,qm71,0.299,,,156.8733961309552,1.083619924401504,0.38520077689994503,2.6120268045617823,7.20493041153342e-07,69.11424301965599,-45.0,-114.11424301965599,0.0
dr211,drift,dr211,0.154,,,156.8733961309552,1.083619924401504,0.38520077689994503,2.6120268045617823,7.224544148600727e-07,172.2040450454224,-45.0,142.7959549545776,0.0
rf141,rfcavity,rf141,1e-05,1.104519687,-45.0,157.26390281127107,1.0838280804043168,0.38562510967289865,2.615406488707548,7.231212385752848e-07,-152.74770048302162,-45.0,107.74770048302162,0.0
dr212,drift,dr212,0.308,,,157.65440949158693,1.0840362364071296,0.38604873201871603,2.6187824590821456,7.244519135925171e-07,-82.80742157730128,-45.0,37.807421577301284,0.0
rf142,rfcavity,rf142,1e-05,1.102130463,-45.0,158.04407145365673,1.084243942140632,0.38647073240232616,2.6221474393383746,7.25782588515116e-07,-12.867147645498335,-45.0,-32.132852354501665,0.0
dr213,drift,dr213,0.154,,,158.43373341572652,1.0844516478741346,0.38689203043338233,2.625508750317715,7.26446497382406e-07,22.027902419264137,-45.0,-67.02790241926414,0.0
qm72,quadrupole,qm72,0.299,,,158.43373341572652,1.0844516478741346,0.38689203043338233,2.625508750317715,7.283992971719947e-07,124.66705936004291,-45.0,-169.6670593600429,0.0
dr214,drift,dr214,0.154,,,158.43373341572652,1.0844516478741346,0.38689203043338233,2.625508750317715,7.303520969615833e-07,-132.6937836991783,-45.0,87.69378369917831,0.0
rf143,rfcavity,rf143,1e-05,1.099732759,-45.0,158.82254766141747,1.0846589017401997,0.3873117143282714,2.6288591054135857,7.310160057351691e-07,-97.79873855951155,-45.0,52.79873855951155,0.0
dr215,drift,dr215,0.308,,,159.21136190710843,1.0848661556062649,0.38773070383601066,2.6322058350907067,7.323409082971016e-07,-28.16185990433587,-45.0,-16.83814009566413,0.0
rf144,rfcavity,rf144,1e-05,1.097326887,-45.0,159.59932554859643,1.0850729560655643,0.38814808703751813,2.6355416433933017,7.336658107662461e-07,41.47501387389639,-45.0,-86.47501387389639,0.0
dr216,drift,dr216,0.154,,,159.98728919008443,1.085279756524864,0.3885647837098022,2.6388738695096294,7.343268615361071e-07,76.21984233778494,-45.0,-121.21984233778494,0.0
qm73,quadrupole,qm73,0.1495,,,159.98728919008443,1.085279756524864,0.3885647837098022,2.6388738695096294,7.35629561975479e-07,144.68977743118012,-45.0,170.31022256881988,0.0
