{
    "results.summaryFile": "dat/D7mm_FWHM6mm/summary__Ra226gn__dist8mm_shift6mm.dat",
    "results.yieldFile": "dat/D7mm_FWHM6mm/dYield_vs_energy__Ra226gn__dist8mm_shift6mm.dat",
    "results.jsonFile": "dat/D7mm_FWHM6mm/results__Ra226gn__dist8mm_shift6mm.json",
    "results.time.unit": "d",
    "target.g/cm3": 4.9,
    "target.g/mol": 297.0,
    "target.mass.mg": 398.6429292480906,
    "target.activity.Bq": 11100000000.0,
    "target.halflife": {
        value: 50457600000.0,
        unit: "s",
    },
    "product.halflife": {
        value: 1287360.0,
        unit: "s",
    },
    "decayed.halflife": {
        value: 855360.0,
        unit: "s",
    },
    "target.thick.type": "fluence-Bq",
    "target.thick.direct.mm": null,
    "target.area.type": "disk",
    "target.area.direct.cm2": null,
    "target.area.diameter.mm": 3.0,
    "integral.method": "simpson",
    "integral.EAxis.min": 0.0,
    "integral.EAxis.max": 50.0,
    "integral.EAxis.num": 501,
    "photon.filetype": "phits-out",
    "photon.filename": "phitsout/D7mm_FWHM6mm/fluence_energy__dist8mm_shift6mm.dat",
    "photon.bin2point.convert": "edge",
    "photon.fit.method": "linear",
    "photon.fit.p0": null,
    "photon.beam.current.sim": 100.0,
    "photon.beam.current.use": 300.0,
    "photon.beam.duration.h": 120.0,
    "xsection.filename": "xs/xs__JENDL5_Ra226gn.dat",
    "xsection.database": "JENDL",
    "xsection.fit.Eth": 6.4,
    "xsection.fit.method": "linear",
    "xsection.fit.p0": null,
    "plot.config": {
        "figure.pngFile": "png/dYield_vs_energy.png",
        "ax1.x.range": {
            auto: false,
            min: 0.0,
            max: 60.0,
            num: 11,
        },
        "ax1.y.range": {
            auto: false,
            min: 0.0,
            max: 10.0,
            num: 11,
        },
    },
    "plot.xsection.norm": 100.0,
    "plot.photon.norm": 100000000000.0,
    "plot.dYield.norm": 1000000000.0,
    "plot.norm.auto": true,
    "target.lambda.1/s": 1.3737220568555486e-11,
    "product.lambda.1/s": 5.384252893984164e-07,
    "decayed.lambda.1/s": 8.103572537410509e-07,
    "target.area.cm2": 0.07068583470577036,
    "target.atoms/cm3": 9.931986531986532e+21,
    "target.tN_product": 9.931986531986532e+21,
    "target.atoms": 8.080237151762645e+20,
    "target.volume.cm3": 0.0813556998465491,
    "target.thick.cm": 1.1509477137136743,
    YieldRate: 22305190081.950764,
    Y_product: 12009.678424961026,
    A_product: 4628980121.660887,
    N_product: 8597256133404980.0,
    Y_decayed: 5345.400532660978,
    A_decayed: 2060317681.4939137,
    N_decayed: 3826561868585167.0,
    N_saturate: 4.1426713271348e+16,
    A_saturate: 22305190081.950764,
    Yn_product_Bq: 3.6065100375258337e-09,
    Yn_product_wt: 0.1004213507362203,
    An_product_Bq: 3.2177873162474186e-09,
    An_product_wt: 0.08959757364244642,
    Yn_decayed_Bq: 1.6052253851834768e-09,
    Yn_decayed_wt: 0.04469664571536343,
    An_decayed_Bq: 1.4322083760801869e-09,
    An_decayed_wt: 0.03987907926643909,
    lambda_t: 0.2325997250201159,
    F_saturate: 0.20752928375206414,
    R_saturate: 89.22163761548575,
    t_max_d: 17.40063068508605,
    ratio: 44.509106268416375,
}