NAME,S,X,Y,PX,PY,ALFX,ALFY,BETX,BETY,EMITX,EMITY,DX,DY,SIGX,SIGY
MIDBETA$START,0.0,0,0,0,0,0.0,0.0,8.0,4.0,0,0,0,0,0.05501503861309197,0.03890150687055709
QM1,0.07475,0,0,0,0,3.721444875,-1.975361011,7.718463602,4.145925781,0,0,0,0,0.054038322501619246,0.03960474215967897
DR1,0.2265,0,0,0,0,6.37361999,-4.552983143,5.890147873,5.281557185,0,0,0,0,0.04720625277701696,0.04470101883843711
RF1,0.3035,0,0,0,0,5.499173507,-5.270604199,4.996960066,6.063476487,0,0,0,0,0.043479983236771505,0.047895783001934214
DR2,0.4575,0,0,0,0,4.545525042,-5.994587555,3.464788371,7.78181655,0,0,0,0,0.03620551964681008,0.05425964185491831
RF2,0.6115,0,0,0,0,3.446806361,-7.35279674,2.244145192,9.811075471,0,0,0,0,0.029138145284091803,0.06092488763338979
DR3,0.6885,0,0,0,0,3.012410643,-7.777565708,1.75528518,10.9562033,0,0,0,0,0.0257697539338533,0.06438229738407919
QM2,0.915,0,0,0,0,1.018455377,3.782816994,0.8270632825,12.84717885,0,0,0,0,0.01768910252079273,0.06971726054167988
DR4,1.1415,0,0,0,0,-0.05569284142,12.32857452,0.6760147048,8.170578103,0,0,0,0,0.01599243153222136,0.055598467568071464
RF3,1.2185,0,0,0,0,-0.2122002535,10.50238286,0.6992814316,6.470317278,0,0,0,0,0.01626531306668255,0.0494765281914946
DR5,1.3725,0,0,0,0,-0.4381728804,7.901329419,0.7976241259,3.687498375,0,0,0,0,0.01737142995303828,0.03735100978067139
RF4,1.5265,0,0,0,0,-0.7242930927,5.194783553,0.9730107388,1.706556636,0,0,0,0,0.019186477352063164,0.025409538752211656
DR6,1.6035,0,0,0,0,-0.8430430408,3.95195375,1.091794522,1.013352389,0,0,0,0,0.0203238922645961,0.01958017984308398
QM3,1.83,0,0,0,0,0.1475259477,0.328838567,1.354312783,0.08125291059,0,0,0,0,0.02263580361761157,0.005544417071819231
DR7,2.0565,0,0,0,0,1.020646895,-2.997530655,0.9829881743,0.6644282108,0,0,0,0,0.01928459733583058,0.015854788774231052
RF5,2.1335,0,0,0,0,0.811991027,-4.209971892,0.8477018772,1.215832575,0,0,0,0,0.01790845009662512,0.02144733404840902
DR8,2.2875,0,0,0,0,0.512840981,-6.563510304,0.6452320017,2.862309702,0,0,0,0,0.015624077270575003,0.03290748863174419
RF6,2.4415,0,0,0,0,0.1818336726,-9.228833024,0.5388975428,5.274144247,0,0,0,0,0.01427872831665896,0.044669637730222096
DR9,2.5185,0,0,0,0,0.03396357773,-10.489123,0.5222517129,6.795117013,0,0,0,0,0.014056473078238936,0.05070314500357931
QM4,2.745,0,0,0,0,-1.013041975,-3.457369612,0.6896320768,10.9023197,0,0,0,0,0.016152701052706244,0.06422378326272753
DR10,2.9715,0,0,0,0,-2.988957963,6.36671385,1.619034469,9.382463459,0,0,0,0,0.024749388675559876,0.05957922771567587
RF7,3.0485,0,0,0,0,-3.585691502,5.533777295,2.135037599,8.499767016,0,0,0,0,0.02842098938354705,0.05670742661188009
DR11,3.2025,0,0,0,0,-4.595501448,4.954932667,3.407915767,6.867871766,0,0,0,0,0.0359071432688583,0.050973859482919076
RF8,3.3565,0,0,0,0,-5.890281053,4.067095536,5.037841865,5.462530217,0,0,0,0,0.04365748306131438,0.04546041068674236
DR12,3.4335,0,0,0,0,-6.444963674,3.815707973,6.003502382,4.845427575,0,0,0,0,0.04765832474729435,0.0428156441128394
QM5,3.66,0,0,0,0,-0.002126923968,-0.3336790976,8.174388598,3.798911739,0,0,0,0,0.05561143072593252,0.03791106898000884
DR13,3.8865,0,0,0,0,6.442439303,-4.793050429,6.005119032,5.212825249,0,0,0,0,0.047664741138895454,0.04440920633717304
RF9,3.9635,0,0,0,0,5.6069845,-5.487545738,5.082473909,6.042175649,0,0,0,0,0.043850445256619304,0.04781158065563566
DR14,4.1175,0,0,0,0,4.607683582,-6.293785925,3.483144402,7.886800575,0,0,0,0,0.036301299195944936,0.05462442247144907
RF10,4.2715,0,0,0,0,3.488354077,-7.645540339,2.215105425,10.06736441,0,0,0,0,0.028949004179919295,0.061715510134090205
DR15,4.3485,0,0,0,0,3.02440367,-8.106426082,1.706839714,11.29667229,0,0,0,0,0.025411646090169573,0.0653749987794662
QM6,4.575,0,0,0,0,1.021623757,3.750537156,0.7527115215,13.36469045,0,0,0,0,0.016875269234438297,0.07110757707408165
DR16,4.8015,0,0,0,0,-0.03736609216,12.55843125,0.5864618764,8.461025927,0,0,0,0,0.014895542377679262,0.0565780456241643
RF11,4.8785,0,0,0,0,-0.2028674939,10.74060196,0.6076709527,6.669743605,0,0,0,0,0.015162494878260591,0.050233217744633685
DR17,5.0325,0,0,0,0,-0.4681567065,8.039324838,0.7115698097,3.761930551,0,0,0,0,0.0164076047452363,0.03772609165345097
RF12,5.1865,0,0,0,0,-0.7804771775,5.249466511,0.9049445365,1.704421358,0,0,0,0,0.018503224143908013,0.025393637313533106
DR18,5.2635,0,0,0,0,-0.9169021401,3.964017663,1.035171116,0.9975431048,0,0,0,0,0.019789849952636402,0.01942684450944026
QM7,5.49,0,0,0,0,0.004356994121,0.2264089319,1.350333817,0.0743562666,0,0,0,0,0.02260252720404406,0.0053038986479886216
DR19,5.7165,0,0,0,0,0.9221362264,-3.306208914,1.031920326,0.7542235766,0,0,0,0,0.01975875208321198,0.016892210343124808
RF13,5.7935,0,0,0,0,0.738317658,-4.58940787,0.9082412991,1.3655772,0,0,0,0,0.01853689763360259,0.022729744668127494
DR20,5.9475,0,0,0,0,0.4793076708,-7.049204634,0.7228577494,3.137556846,0,0,0,0,0.016537233145987335,0.03445341141331328
RF14,6.1015,0,0,0,0,0.189296912,-9.793614548,0.6212523133,5.703618624,0,0,0,0,0.015330998390857466,0.04645277551454525
DR21,6.1785,0,0,0,0,0.0631145935,-11.07954255,0.6021500076,7.283282862,0,0,0,0,0.015093458907258526,0.052492833626084756
QM8,6.405,0,0,0,0,-0.9696823511,-3.616908236,0.7472670947,11.5205299,0,0,0,0,0.016814128341768975,0.0660195646760087
DR22,6.6315,0,0,0,0,-2.866097859,6.692952287,1.627417278,9.95349984,0,0,0,0,0.024813377906062677,0.06136550824640101
RF15,6.7085,0,0,0,0,-3.397810267,5.90270952,2.11013573,9.037405654,0,0,0,0,0.02825476010141411,0.058473395929705754
DR23,6.8625,0,0,0,0,-4.297534254,5.302513281,3.274725913,7.341641101,0,0,0,0,0.035198479786766525,0.05270271682027796
RF16,7.0165,0,0,0,0,-5.424954158,4.420693788,4.74829893,5.872882618,0,0,0,0,0.04238434292058005,0.0471370163044626
DR24,7.0935,0,0,0,0,-5.911194629,4.155301642,5.608402835,5.222198926,0,0,0,0,0.04606340403495989,0.0444491166129978
QM9,7.32,0,0,0,0,0.02738103372,-0.2898975023,7.526496803,4.104646098,0,0,0,0,0.053362094715415795,0.03940708292150106
DR25,7.5465,0,0,0,0,5.944376454,-4.99355535,5.588144569,5.529548924,0,0,0,0,0.045980135328867015,0.04573843294732378
RF17,7.6235,0,0,0,0,5.227217335,-5.64861483,4.759872592,6.362860929,0,0,0,0,0.04243596598750703,0.049063965259205894
DR26,7.7775,0,0,0,0,4.317576485,-6.439198104,3.300788576,8.210688653,0,0,0,0,0.03533826981821226,0.0557347709501654
RF18,7.9315,0,0,0,0,3.309439617,-7.708376063,2.135928673,10.37853249,0,0,0,0,0.028426919621693893,0.06266202178179922
DR27,8.0085,0,0,0,0,2.878134067,-8.157075002,1.659017607,11.60137194,0,0,0,0,0.025053126207141587,0.06625079648775789
QM10,8.235,0,0,0,0,0.9646645924,3.899821281,0.7606896848,13.63251859,0,0,0,0,0.016964465941790262,0.07181654003157861
DR28,8.4615,0,0,0,0,-0.07561442693,12.84271737,0.6175703824,8.678061474,0,0,0,0,0.015285500321603078,0.057299098577614976
RF19,8.5385,0,0,0,0,-0.2302475918,11.05851226,0.6437026094,6.863129758,0,0,0,0,0.015605549423236048,0.050956258674656425
DR29,8.6925,0,0,0,0,-0.4843995468,8.267558231,0.7547315657,3.860594212,0,0,0,0,0.016897898056019562,0.0382176084130471
RF20,8.8465,0,0,0,0,-0.780779669,5.399486859,0.9517510797,1.738093679,0,0,0,0,0.018975713633245902,0.025643247183910894
DR30,8.9235,0,0,0,0,-0.9129698926,4.043427982,1.084139314,1.000008869,0,0,0,0,0.020252515599067364,0.019450839689453405
QM11,9.15,0,0,0,0,0.05714617356,0.1115373918,1.394664234,0.06819969135,0,0,0,0,0.022970542938201353,0.005079577995791293
DR31,9.3765,0,0,0,0,0.9810864754,-3.71792038,1.040809672,0.8775950847,0,0,0,0,0.01984367421221732,0.018221474587408623
RF21,9.4535,0,0,0,0,0.7942850483,-5.106614434,0.9055642942,1.57346638,0,0,0,0,0.0185095590917668,0.02439861435124492
DR32,9.6075,0,0,0,0,0.5124004154,-7.800118466,0.7010435251,3.593612017,0,0,0,0,0.016285793354302042,0.03687245226391203
RF22,9.7615,0,0,0,0,0.205358057,-10.77141281,0.5890104545,6.503823207,0,0,0,0,0.014927872952591046,0.04960446754699879
DR33,9.8385,0,0,0,0,0.0670894333,-12.17749598,0.5677197476,8.297190772,0,0,0,0,0.014655594127433912,0.056027593166655884
QM12,10.065,0,0,0,0,-0.9699334395,-3.629748122,0.7189306383,13.05300892,0,0,0,0,0.01649225057647833,0.07027352616887343
DR34,10.2915,0,0,0,0,-2.895197402,7.846361121,1.631340101,11.0497833,0,0,0,0,0.024843265723971168,0.06465666637831669
RF23,10.3685,0,0,0,0,-3.434089492,6.987701329,2.1341766,9.928835892,0,0,0,0,0.028415258123591008,0.06128943176657992
DR35,10.5225,0,0,0,0,-4.365229859,6.208142372,3.345697215,7.879036935,0,0,0,0,0.03557785379117677,0.05459753014901107
RF24,10.6765,0,0,0,0,-5.497187318,5.177010825,4.880918966,6.114546423,0,0,0,0,0.042972164280675615,0.04809706239107518
DR36,10.7535,0,0,0,0,-5.990246715,4.826514103,5.766450291,5.343405134,0,0,0,0,0.046707939060248595,0.04496198540583799
QM13,10.98,0,0,0,0,0.09091657924,0.3057241917,7.731967753,3.942209668,0,0,0,0,0.054085574312089435,0.03861946809499286
DR37,11.2065,0,0,0,0,6.099751231,-3.939490118,5.698235358,5.0135161,0,0,0,0,0.046430848497949616,0.04355195307407382
RF25,11.2835,0,0,0,0,5.387727033,-4.422926939,4.83135593,5.680081869,0,0,0,0,0.042753428282256485,0.04635682959287539
DR38,11.4375,0,0,0,0,4.437037695,-4.976664174,3.328528349,7.117873528,0,0,0,0,0.035486450262750414,0.05189333261128087
RF26,11.5915,0,0,0,0,3.401817737,-5.878863897,2.131246143,8.785684248,0,0,0,0,0.02839574279943583,0.057653307074319524
DR39,11.6685,0,0,0,0,2.953744893,-6.186306581,1.648499465,9.702113098,0,0,0,0,0.024973581742687254,0.06058562536963168
QM14,11.895,0,0,0,0,1.015753206,3.731551586,0.7370799261,11.0923724,0,0,0,0,0.01669912518566213,0.06478114940638323
DR40,12.1215,0,0,0,0,-0.02201712471,10.72479715,0.571389517,6.934655004,0,0,0,0,0.014702885081660814,0.05122109500822052
RF27,12.1985,0,0,0,0,-0.1779522147,9.2421276,0.588855331,5.439066427,0,0,0,0,0.014925907099211587,0.04536267013399773
DR41,12.3525,0,0,0,0,-0.4433254679,6.835545633,0.6829601747,3.003783511,0,0,0,0,0.01607437583565219,0.03371093072227105
RF28,12.5065,0,0,0,0,-0.7417284083,4.378981382,0.8632862252,1.306370779,0,0,0,0,0.018072316936058715,0.022231545612149493
DR42,12.5835,0,0,0,0,-0.8776493043,3.209962303,0.9858641834,0.7319296131,0,0,0,0,0.019312787994777002,0.016640680717181586
QM15,12.81,0,0,0,0,-0.03010050475,-0.1976480386,1.289812467,0.07529239117,0,0,0,0,0.022090203352817403,0.005337181519335857
DR43,13.0365,0,0,0,0,0.8409355271,-3.779448241,1.008133054,0.9405870291,0,0,0,0,0.01952969027491581,0.01886409267442927
RF29,13.1135,0,0,0,0,0.6790588071,-5.070220938,0.8965163457,1.616658651,0,0,0,0,0.018416857795130352,0.02473122302458294
DR44,13.2675,0,0,0,0,0.4312743474,-7.58184823,0.7277058507,3.540227311,0,0,0,0,0.016592596875135493,0.036597549146765024
RF30,13.4215,0,0,0,0,0.1599148182,-10.32495587,0.6384594808,6.268945208,0,0,0,0,0.015541863803030725,0.04870052753634513
DR45,13.4985,0,0,0,0,0.03707353855,-11.63760308,0.6233950837,7.948499858,0,0,0,0,0.015357414817038915,0.054837672559136595
QM16,13.725,0,0,0,0,-1.01083382,-3.521915914,0.7828303728,12.393867,0,0,0,0,0.017209579635718432,0.06847623036568366
DR46,13.9515,0,0,0,0,-2.959012571,7.366091065,1.703412554,10.5758572,0,0,0,0,0.025386121274602245,0.0632549064367093
RF31,14.0285,0,0,0,0,-3.476945972,6.620330303,2.203890857,9.542192882,0,0,0,0,0.028875630126598946,0.060084233346048635
DR47,14.1825,0,0,0,0,-4.392370978,5.896211266,3.416828121,7.612955595,0,0,0,0,0.03595406464842837,0.053667711555604944
RF32,14.3365,0,0,0,0,-5.484036452,4.960152073,4.943952741,5.945411592,0,0,0,0,0.04324875241092891,0.047427189712653355
DR48,14.4135,0,0,0,0,-5.972043187,4.625799574,5.833419709,5.201144127,0,0,0,0,0.04697838047792737,0.04435942140603126
QM17,14.64,0,0,0,0,0.1553656319,0.244003295,7.796126717,3.855354498,0,0,0,0,0.05430950861124658,0.038191664566181165
DR49,14.8665,0,0,0,0,6.158840896,-3.917183523,5.71607739,4.935834466,0,0,0,0,0.04650348267050452,0.04321322926412115
RF33,14.9435,0,0,0,0,5.460785993,-4.370443155,4.831704662,5.599919226,0,0,0,0,0.04275497124656424,0.04602855170594056
DR50,15.0975,0,0,0,0,4.465376361,-4.930584978,3.282715529,7.05135544,0,0,0,0,0.03524139193016509,0.05165028616501038
RF34,15.2515,0,0,0,0,3.399141428,-5.791350826,2.057429357,8.732934205,0,0,0,0,0.027899658975245607,0.05747996866215407
DR51,15.3285,0,0,0,0,2.921631442,-6.1008636,1.562788676,9.663575625,0,0,0,0,0.02431568767664926,0.06046518047229554
QM18,15.555,0,0,0,0,0.9858296906,3.75230274,0.6449533659,11.06666816,0,0,0,0,0.015620703369905486,0.06470604752871895
DR52,15.7815,0,0,0,0,-0.05224372514,10.593324,0.4811724733,6.810961301,0,0,0,0,0.013492325683914827,0.05076222327083907
RF35,15.8585,0,0,0,0,-0.2324185893,9.113573434,0.5052785385,5.287916838,0,0,0,0,0.013826168797632874,0.044727923540219074
DR53,16.0125,0,0,0,0,-0.5583882791,6.629580886,0.6288534509,2.827823238,0,0,0,0,0.01542450206005563,0.032708645366788615
RF36,16.1665,0,0,0,0,-0.9129412606,4.107310743,0.859634975,1.151188589,0,0,0,0,0.018034058205055974,0.020869385750586077
DR54,16.2435,0,0,0,0,-1.078978981,2.898865154,1.014702527,0.6057698897,0,0,0,0,0.019593219307702393,0.015138758810717788
QM19,16.47,0,0,0,0,-0.1962166045,-0.6374635079,1.424250823,0.09639714014,0,0,0,0,0.023212914306914998,0.006039048305061994
DR55,16.6965,0,0,0,0,0.8431244074,-4.750329854,1.163283183,1.30076453,0,0,0,0,0.0209787280652647,0.022183791334622848
RF37,16.7735,0,0,0,0,0.6944025264,-6.231393026,1.047352593,2.163446146,0,0,0,0,0.019905948894237656,0.028609447644492324
DR56,16.9275,0,0,0,0,0.4755158885,-9.078959685,0.8664009901,4.531502608,0,0,0,0,0.018104890335961837,0.041405453506502723
RF38,17.0815,0,0,0,0,0.2322861948,-12.17799933,0.7577618683,7.827966979,0,0,0,0,0.016931787223347428,0.05442029869012967
DR57,17.1585,0,0,0,0,0.1254955469,-13.64241584,0.7302917012,9.810435717,0,0,0,0,0.016622051033453777,0.06092290122649208
QM20,17.385,0,0,0,0,-0.9326203002,-3.568366691,0.8495121587,14.93743876,0,0,0,0,0.017927561795692368,0.07517518361058391
DR58,17.6115,0,0,0,0,-2.820987091,9.313465241,1.730659465,12.48329509,0,0,0,0,0.025588347475023743,0.06872283184049663
RF39,17.6885,0,0,0,0,-3.288117759,8.421318119,2.20762569,11.16164955,0,0,0,0,0.028900086874161787,0.06498312910215902
DR59,17.8425,0,0,0,0,-4.104407085,7.438282379,3.335470292,8.742020916,0,0,0,0,0.03552343606839311,0.05750986514689911
RF40,17.9965,0,0,0,0,-5.067888586,6.248396689,4.740584905,6.661969292,0,0,0,0,0.04234990039864156,0.05020393306382681
DR60,18.0735,0,0,0,0,-5.495000333,5.792308449,5.542103219,5.748313402,0,0,0,0,0.04579032580815968,0.046634427296014545
QM21,18.3,0,0,0,0,0.2739706089,0.9264019743,7.28058773,4.021010393,0,0,0,0,0.05248312040961571,0.039003540054662895
DR61,18.5265,0,0,0,0,5.829940836,-3.125950779,5.338781153,4.76832263,0,0,0,0,0.04494252699323161,0.042473616839836026
RF41,18.6035,0,0,0,0,5.194697837,-3.458779491,4.518353552,5.286847642,0,0,0,0,0.04134533678582636,0.044723401406451785
DR62,18.7575,0,0,0,0,4.256269017,-3.830290724,3.086382459,6.39125717,0,0,0,0,0.0341712841373662,0.04917332496576342
RF42,18.9115,0,0,0,0,3.259284185,-4.431589464,1.950146814,7.652832745,0,0,0,0,0.027162521465177638,0.05380808543258952
DR63,18.9885,0,0,0,0,2.807585049,-4.635982896,1.490350535,8.340046507,0,0,0,0,0.023745463024517716,0.05617210058209903
QM22,19.215,0,0,0,0,0.9567696253,3.69458092,0.632548013,9.234931759,0,0,0,0,0.015469745769215315,0.059108953976711585
DR64,19.4415,0,0,0,0,-0.05588172108,9.159084811,0.4798502027,5.600250464,0,0,0,0,0.01347377435362778,0.04602991299164337
RF43,19.5185,0,0,0,0,-0.2291789155,7.882578239,0.5032301447,4.323953731,0,0,0,0,0.013798114765732629,0.040446127601370195
DR65,19.6725,0,0,0,0,-0.5475503138,5.659992475,0.6214631577,2.262516001,0,0,0,0,0.015333599734041121,0.029257166164929217
RF44,19.8265,0,0,0,0,-0.8903695436,3.411757919,0.841424292,0.8827579065,0,0,0,0,0.017842017114025787,0.018274993730552944
DR66,19.9035,0,0,0,0,-1.05343456,2.315878386,0.9901913205,0.44439921,0,0,0,0,0.019355125257639178,0.012966509057041943
QM23,20.13,0,0,0,0,-0.2061557353,-0.9329435806,1.385556264,0.1329801878,0,0,0,0,0.022895414565093877,0.007092999015799295
DR67,20.3565,0,0,0,0,0.8023816275,-5.006753146,1.144308344,1.440876582,0,0,0,0,0.020806927838298857,0.02334800728332018
RF45,20.4335,0,0,0,0,0.6628289055,-6.457871949,1.03575791,2.326368449,0,0,0,0,0.019795458165536628,0.029667139804436287
DR68,20.5875,0,0,0,0,0.448645898,-9.28711594,0.8644494358,4.753098991,0,0,0,0,0.01808448835350708,0.04240576070030727
RF46,20.7415,0,0,0,0,0.2129859163,-12.34415222,0.7634359397,8.097268052,0,0,0,0,0.01699506105534791,0.05534847849481068
DR69,20.8185,0,0,0,0,0.1067610009,-13.81360857,0.7386309965,10.12650347,0,0,0,0,0.016716686311498575,0.061896513461383085
QM24,21.045,0,0,0,0,-0.9637006045,-3.419866586,0.869008607,15.33903719,0,0,0,0,0.018132115113705896,0.0761790370868442
DR70,21.2715,0,0,0,0,-2.897886652,9.680907788,1.784171628,12.71150532,0,0,0,0,0.025980933007583647,0.06934815646699648
RF47,21.3485,0,0,0,0,-3.369580926,8.789504549,2.278111219,11.31702783,0,0,0,0,0.02935782585688333,0.06543387206707739
DR71,21.5025,0,0,0,0,-4.214931896,7.711591821,3.46041591,8.744769852,0,0,0,0,0.03618266728441623,0.05751890644948647
RF48,21.6565,0,0,0,0,-5.194730672,6.455323168,4.933341312,6.544477569,0,0,0,0,0.04320231410434008,0.04975926083603521
DR72,21.7335,0,0,0,0,-5.638249241,5.94554177,5.780319209,5.574914384,0,0,0,0,0.04676407407502561,0.04592567304932856
QM25,21.96,0,0,0,0,0.3770931302,1.209055138,7.60545114,3.720967468,0,0,0,0,0.05364125361676778,0.037520132650922
DR73,22.1865,0,0,0,0,6.09197476,-2.435738106,5.493447715,4.2513686,0,0,0,0,0.045588880363105606,0.04010521130743574
RF49,22.2635,0,0,0,0,5.425909218,-2.688464004,4.608292087,4.667574311,0,0,0,0,0.04175480191063961,0.04202251579398922
DR74,22.4175,0,0,0,0,4.393611772,-2.963942516,3.073733398,5.550911649,0,0,0,0,0.03410118938488515,0.04582670015259145
RF50,22.5715,0,0,0,0,3.311867997,-3.412588707,1.871894289,6.555624972,0,0,0,0,0.026611973864945036,0.049801621018732506
DR75,22.6485,0,0,0,0,2.813463414,-3.562956774,1.394415245,7.099379516,0,0,0,0,0.02296849238450167,0.05182587284827628
QM26,22.875,0,0,0,0,0.926856887,3.437686568,0.5255966708,7.710348943,0,0,0,0,0.014101416218708702,0.05400990895352905
DR76,23.1015,0,0,0,0,-0.1261414221,7.708819107,0.3834386735,4.490042232,0,0,0,0,0.012044378234782528,0.04121560142733533
RF51,23.1785,0,0,0,0,-0.3436343755,6.571641001,0.4214498686,3.388044174,0,0,0,0,0.012627267767594867,0.035802302747154964
DR77,23.3325,0,0,0,0,-0.7550578469,4.549085136,0.5918368377,1.663423956,0,0,0,0,0.014963645998159933,0.025086374683084466
RF52,23.4865,0,0,0,0,-1.18939503,2.511951181,0.8945538692,0.5691301935,0,0,0,0,0.018396689478308213,0.014673788051392902
DR78,23.5635,0,0,0,0,-1.397424351,1.522089076,1.093915267,0.2582341521,0,0,0,0,0.02034362165583137,0.00988423967542375
QM27,23.79,0,0,0,0,-0.4388639494,-1.518330082,1.646113229,0.2410391659,0,0,0,0,0.024955500317076874,0.009549491280848732
DR79,24.0165,0,0,0,0,0.8642410366,-5.906979428,1.424036178,1.892343596,0,0,0,0,0.02321116506315427,0.026756938844021635
RF53,24.0935,0,0,0,0,0.7367792617,-7.442680014,1.304933578,2.930801255,0,0,0,0,0.022219313253351674,0.03329887897827464
DR80,24.2475,0,0,0,0,0.5556909202,-10.38981171,1.106973551,5.662098727,0,0,0,0,0.02046468436811031,0.04628338854551303
RF54,24.4015,0,0,0,0,0.3505130882,-13.56912964,0.969506433,9.344575214,0,0,0,0,0.019151896063521454,0.059458809666172244
DR81,24.4785,0,0,0,0,0.2623236118,-15.07760718,0.9228419095,11.5258844,0,0,0,0,0.018685300351525467,0.06603490514630923
QM28,24.705,0,0,0,0,-0.8587286782,-3.246250304,0.9864636818,17.00961602,0,0,0,0,0.019318659100607555,0.08022018949518821
DR82,24.9315,0,0,0,0,-2.732038678,11.10335638,1.834066202,13.94454532,0,0,0,0,0.026341708076645917,0.07263377354500448
RF55,25.0085,0,0,0,0,-3.139455009,10.12196787,2.288625869,12.36873368,0,0,0,0,0.02942549856163345,0.0684067642171984
DR83,25.1625,0,0,0,0,-3.859486941,8.852351121,3.351011053,9.488579003,0,0,0,0,0.035606096027656374,0.05991520058334214
RF56,25.3165,0,0,0,0,-4.691767657,7.413249364,4.655642525,7.029578241,0,0,0,0,0.04196877004954644,0.05157046687621205
DR84,25.3935,0,0,0,0,-5.06628268,6.810133073,5.394983295,5.951911478,0,0,0,0,0.045178466005400486,0.04745310777673035
QM29,25.62,0,0,0,0,0.4987962345,1.692983325,6.952755885,3.853237334,0,0,0,0,0.05128790025822852,0.038181176669259485
DR85,25.8465,0,0,0,0,5.678950663,-1.949822808,5.024796825,4.165972291,0,0,0,0,0.04360092285336018,0.03970037574042718
RF57,25.9235,0,0,0,0,5.077255961,-2.143821963,4.22348619,4.490658226,0,0,0,0,0.039973480851608546,0.04121842853799065
DR86,26.0775,0,0,0,0,4.114802288,-2.332982173,2.82815604,5.170225263,0,0,0,0,0.03271057002427667,0.04422737475503532
RF58,26.2315,0,0,0,0,3.111774354,-2.661086197,1.733666688,5.936824387,0,0,0,0,0.025610569197517107,0.04739292680597381
DR87,26.3085,0,0,0,0,2.642562223,-2.764735705,1.295508237,6.349968403,0,0,0,0,0.02213892443497905,0.049014232976451085
QM30,26.535,0,0,0,0,0.8621369837,3.376164165,0.4993303439,6.70023077,0,0,0,0,0.013744546278293262,0.05034789399043032
DR88,26.7615,0,0,0,0,-0.1640098895,6.901053796,0.3808555183,3.833957275,0,0,0,0,0.012003739304160297,0.03808553521018514
RF59,26.8385,0,0,0,0,-0.3790847437,5.869145581,0.4235576441,2.87072371,0,0,0,0,0.012658804437735923,0.032955820349638336
DR89,26.9925,0,0,0,0,-0.7925669906,3.97836221,0.6029706073,1.362792212,0,0,0,0,0.015103739959170104,0.022706555069618772
RF60,27.1465,0,0,0,0,-1.226809747,2.077668651,0.9134863283,0.4360596943,0,0,0,0,0.01859034521640747,0.012844269269355807
DR90,27.2235,0,0,0,0,-1.438033397,1.138544795,1.118743216,0.1883340579,0,0,0,0,0.020573189955364394,0.008441135282607698
QM31,27.45,0,0,0,0,-0.4545623503,-1.824003307,1.686407289,0.3176806671,0,0,0,0,0.02525908788328346,0.010963060773880892
DR91,27.6765,0,0,0,0,0.8847376865,-6.400871521,1.460685069,2.149297375,0,0,0,0,0.02350794812028895,0.028515742395956674
RF61,27.7535,0,0,0,0,0.7607579135,-7.978162135,1.338123192,3.267035522,0,0,0,0,0.02250010151447853,0.0351571253056749
DR92,27.9075,0,0,0,0,0.5779509948,-11.04433414,1.130698335,6.214456393,0,0,0,0,0.02068282250419361,0.048488416455460745
RF62,28.0615,0,0,0,0,0.3734056864,-14.33482947,0.984654588,10.16087187,0,0,0,0,0.019300936550207107,0.0620014599636693
DR93,28.1385,0,0,0,0,0.2833033655,-15.9171483,0.9335212022,12.51638387,0,0,0,0,0.018793104196882564,0.06881385147031663
QM32,28.365,0,0,0,0,-0.8437302073,-3.023503274,0.9904514201,18.37290824,0,0,0,0,0.01935766715519053,0.08337299091855101
DR94,28.5915,0,0,0,0,-2.725637395,12.25974651,1.852024499,14.81097413,0,0,0,0,0.026470356616211155,0.074856279887644
RF63,28.6685,0,0,0,0,-3.130396725,11.18086521,2.315093567,13.02576523,0,0,0,0,0.02959516071371114,0.07020015189214589
DR95,28.8225,0,0,0,0,-3.858731591,9.670407864,3.40634215,9.770148626,0,0,0,0,0.03589885218727359,0.060797680924748056
RF64,28.9765,0,0,0,0,-4.688916999,8.009359132,4.747427502,7.01932171,0,0,0,0,0.04238045346474595,0.05153283110698594
DR96,29.0535,0,0,0,0,-5.067325858,7.283962588,5.509927629,5.824070635,0,0,0,0,0.0456572106949235,0.04694071985225773
QM33,29.28,0,0,0,0,0.6201771801,2.160943344,7.099824742,3.477276308,0,0,0,0,0.05182749791031575,0.036270707694969734
DR97,29.5065,0,0,0,0,5.816040134,-1.022081137,5.037801584,3.461539431,0,0,0,0,0.04365730852520968,0.036188540666174544
RF65,29.5835,0,0,0,0,5.187116584,-1.145279407,4.190514799,3.641937629,0,0,0,0,0.0398171451184668,0.03711954811380559
DR98,29.7375,0,0,0,0,4.148242196,-1.244299295,2.734180545,4.014716587,0,0,0,0,0.03216251657239048,0.038973003345713034
RF66,29.8915,0,0,0,0,3.075801253,-1.435898498,1.609436839,4.438959003,0,0,0,0,0.02467592249728466,0.040980475724052036
DR99,29.9685,0,0,0,0,2.570513496,-1.489521901,1.170478667,4.666388264,0,0,0,0,0.021043509966640887,0.04201717642046842
QM34,30.195,0,0,0,0,0.7762415549,2.86328148,0.3999482675,4.693154732,0,0,0,0,0.012300941087155917,0.04213750966316236
DR100,30.4215,0,0,0,0,-0.3254262201,4.958600001,0.3271073698,2.49565978,0,0,0,0,0.01112452799084471,0.030727633812499686
RF67,30.4985,0,0,0,0,-0.5964880791,4.124601514,0.3999765356,1.794882639,0,0,0,0,0.012301375790987617,0.026058802660800445
DR101,30.6525,0,0,0,0,-1.120769866,2.572435001,0.665583722,0.7590562908,0,0,0,0,0.015868569365835403,0.016946242644993767
RF68,30.8065,0,0,0,0,-1.66732924,1.016124693,1.098370826,0.2043050427,0,0,0,0,0.020385009731983903,0.00879176298778432
DR102,30.8835,0,0,0,0,-1.931959289,0.2511424773,1.375137966,0.1068585869,0,0,0,0,0.022809174351045416,0.006358301857448451
QM35,31.11,0,0,0,0,-0.6760854647,-2.413066594,2.14218681,0.5451286419,0,0,0,0,0.028468533707791777,0.014361041234421895
DR103,31.3365,0,0,0,0,1.10716288,-7.204448589,1.883239302,2.695175264,0,0,0,0,0.026692495804667746,0.03193228043438501
RF69,31.4135,0,0,0,0,0.9817187992,-8.792587838,1.72775148,3.93697142,0,0,0,0,0.025566840697989607,0.0385938015761248
DR104,31.5675,0,0,0,0,0.8078690953,-11.83499236,1.454024729,7.09206681,0,0,0,0,0.02345429185339241,0.051799174387190505
RF70,31.7215,0,0,0,0,0.6095733571,-15.09892815,1.239020543,11.22807033,0,0,0,0,0.021650886440724694,0.06517619321327182
DR105,31.7985,0,0,0,0,0.5253176505,-16.6511176,1.152640991,13.64465015,0,0,0,0,0.020882546575624127,0.07184848764692651
QM36,32.025,0,0,0,0,-0.6935093357,-2.615173024,1.114795365,19.5208765,0,0,0,0,0.02053685826333289,0.08593816686091671
DR106,32.2515,0,0,0,0,-2.516790293,13.44039063,1.887660885,15.59408503,0,0,0,0,0.026723812560675603,0.07680975460329591
RF71,32.3285,0,0,0,0,-2.857344115,12.28765262,2.303497492,13.6762108,0,0,0,0,0.029520948047717276,0.07193153394002229
DR107,32.4825,0,0,0,0,-3.46140344,10.60031677,3.262883931,10.20109057,0,0,0,0,0.03513478021597457,0.06212404567605976
RF72,32.6365,0,0,0,0,-4.150413467,8.77341106,4.425141101,7.270291552,0,0,0,0,0.040916642563956905,0.052445996570564236
DR108,32.7135,0,0,0,0,-4.462699199,7.96024265,5.078195936,6.001529156,0,0,0,0,0.04383198667570257,0.04765049195502633
QM37,32.94,0,0,0,0,0.7333095759,2.5788314,6.401860991,3.485395129,0,0,0,0,0.04921410012356149,0.03631302583001639
DR109,33.1665,0,0,0,0,5.365284051,-0.5651236662,4.533208818,3.280713237,0,0,0,0,0.04141324780303199,0.03523064254907365
RF73,33.2435,0,0,0,0,4.795620413,-0.6596910841,3.773813477,3.3834552,0,0,0,0,0.03778562796006906,0.035778048118408415
DR110,33.3975,0,0,0,0,3.829783532,-0.7241168055,2.463759891,3.593632312,0,0,0,0,0.030530619662830705,0.03687255638274269
RF74,33.5515,0,0,0,0,2.836793226,-0.8602847787,1.45336856,3.839955165,0,0,0,0,0.023448999056232628,0.038115314308310964
DR111,33.6285,0,0,0,0,2.362706189,-0.8947956389,1.057389897,3.973616954,0,0,0,0,0.020001105788476088,0.03877300209262385
QM38,33.855,0,0,0,0,0.6836654498,2.684862872,0.3695593089,3.840565756,0,0,0,0,0.011824383364169086,0.038118344544576514
DR112,34.0815,0,0,0,0,-0.3997274911,4.191839693,0.3324174731,1.970922152,0,0,0,0,0.011214459594987862,0.027306822289649844
RF75,34.1585,0,0,0,0,-0.6730897447,3.448552251,0.4153141948,1.393057536,0,0,0,0,0.01253501378958656,0.022957307723567546
DR113,34.3125,0,0,0,0,-1.208539688,2.032159607,0.7032855226,0.5542697048,0,0,0,0,0.016311814250702633,0.014480948180341435
RF76,34.4665,0,0,0,0,-1.765087567,0.6130452013,1.160071992,0.1496563203,0,0,0,0,0.020949752636620987,0.007524609386361108
DR114,34.5435,0,0,0,0,-2.037991737,-0.09414601521,1.452624812,0.1097398715,0,0,0,0,0.02344299838358502,0.006443452810874812
QM39,34.77,0,0,0,0,-0.6996659329,-2.711008735,2.258479441,0.6805472382,0,0,0,0,0.029231055625046024,0.016045954875739534
DR115,34.9965,0,0,0,0,1.183662896,-7.713900648,1.97880775,3.018071421,0,0,0,0,0.027361394630326892,0.033791010949685195
RF77,35.0735,0,0,0,0,1.057815831,-9.333958134,1.81149819,4.341745864,0,0,0,0,0.02617914031409789,0.04052925570268639
DR116,35.2275,0,0,0,0,0.8768889794,-12.47330279,1.512251092,7.71474597,0,0,0,0,0.023919295382620193,0.05402530703613362
RF78,35.3815,0,0,0,0,0.6733984061,-15.82706765,1.274285104,12.10937084,0,0,0,0,0.02195683467244152,0.06768574575323023
DR117,35.4585,0,0,0,0,0.5847598224,-17.44103348,1.176511871,14.69468143,0,0,0,0,0.021097674390811585,0.07456182274481722
QM40,35.685,0,0,0,0,-0.6428067579,-2.284594555,1.113682159,20.90738176,0,0,0,0,0.020526601912840614,0.08893777356610565
DR118,35.9115,0,0,0,0,-2.441948165,14.66763562,1.874253774,16.42710342,0,0,0,0,0.026628740511284943,0.07883461014557062
RF79,35.9885,0,0,0,0,-2.770594253,13.39553024,2.285669962,14.28591593,0,0,0,0,0.029406489963230146,0.07351745656560761
DR119,36.1425,0,0,0,0,-3.362392654,11.42635933,3.241829069,10.4160763,0,0,0,0,0.035021237225316894,0.06277525779592022
RF80,36.2965,0,0,0,0,-4.030069885,9.333216091,4.400545256,7.18969767,0,0,0,0,0.040802772554925204,0.05215449479279925
DR120,36.3735,0,0,0,0,-4.336075007,8.376087413,5.053956267,5.806569113,0,0,0,0,0.043727250292143784,0.04687013759064645
QM41,36.6,0,0,0,0,0.8347556563,2.959801627,6.360757391,3.06803985,0,0,0,0,0.04905585440718877,0.03406959153186601
DR121,36.8265,0,0,0,0,5.34665995,0.1878933724,4.418337206,2.575297833,0,0,0,0,0.040885174682293496,0.031214052738914397
RF81,36.9035,0,0,0,0,4.761740316,0.1129520645,3.638797036,2.558793951,0,0,0,0,0.03710353980338638,0.031113873832292985
DR122,37.0575,0,0,0,0,3.746135713,0.05116776098,2.310702871,2.533174562,0,0,0,0,0.02956708300981117,0.03095772141261171
RF82,37.2115,0,0,0,0,2.708614249,-0.05322728248,1.304939144,2.537061539,0,0,0,0,0.022219360639888344,0.030981463524204382
DR123,37.2885,0,0,0,0,2.210925654,-0.08402064549,0.9216875829,2.547753694,0,0,0,0,0.018673610544180576,0.0310466787989795
QM42,37.515,0,0,0,0,0.5350254443,1.993493343,0.2907674011,2.265223768,0,0,0,0,0.010488401065679415,0.029274668339543678
DR124,37.7415,0,0,0,0,-0.6643758809,2.501867712,0.339351755,1.032768216,0,0,0,0,0.01133082359867742,0.0197668679270019
RF83,37.8185,0,0,0,0,-1.003072752,1.942868359,0.4705236449,0.6883652859,0,0,0,0,0.013342191043692761,0.016137858718089655
DR125,37.9725,0,0,0,0,-1.664776088,0.8663762773,0.8845629037,0.2523819761,0,0,0,0,0.018293667858251567,0.009771598110206139
RF84,38.1265,0,0,0,0,-2.351188364,-0.2125889014,1.50996742,0.1511313543,0,0,0,0,0.023901228124129027,0.007561600273696382
DR126,38.2035,0,0,0,0,-2.685124367,-0.7467684509,1.898974582,0.2252325669,0,0,0,0,0.02680377751797074,0.009231069522327141
QM43,38.43,0,0,0,0,-0.8728560055,-3.164141898,2.951421116,1.01961464,0,0,0,0,0.03341581198366071,0.019640586840469067
DR127,38.6565,0,0,0,0,1.620624993,-8.372389727,2.557833531,3.634723547,0,0,0,0,0.031108034129717268,0.037082766017091436
RF85,38.7335,0,0,0,0,1.473556116,-9.965065523,2.325063607,5.064679456,0,0,0,0,0.029658818603265167,0.043773614673756976
DR128,38.8875,0,0,0,0,1.263928411,-13.00873057,1.90434802,8.595451602,0,0,0,0,0.026841673415661658,0.05702572012237723
RF86,39.0415,0,0,0,0,1.029515399,-16.26152094,1.554115992,13.11280916,0,0,0,0,0.02424812394722554,0.07043431559401378
DR129,39.1185,0,0,0,0,0.9281694748,-17.80930008,1.404428349,15.71791735,0,0,0,0,0.02305081165965613,0.07711412391956204
QM44,39.345,0,0,0,0,-0.421061911,-1.630335468,1.212583124,21.82422434,0,0,0,0,0.021418654652155627,0.09086692621046932
DR130,39.5715,0,0,0,0,-2.137529892,15.80841364,1.852787426,16.93864233,0,0,0,0,0.02647580818297321,0.08005265266123668
RF87,39.6485,0,0,0,0,-2.402086857,14.44491045,2.205752111,14.66437463,0,0,0,0,0.028887820734720526,0.07448489366679985
DR131,39.8025,0,0,0,0,-2.869658297,12.26691369,3.008851053,10.59508884,0,0,0,0,0.033739354802586476,0.06331239317441673
RF88,39.9565,0,0,0,0,-3.398947248,9.976710133,3.969604727,7.217021442,0,0,0,0,0.03875342227693939,0.052253504946434486
DR132,40.0335,0,0,0,0,-3.639113157,8.918736771,4.504131592,5.78194936,0,0,0,0,0.04128021625520192,0.046770667753107634
QM45,40.26,0,0,0,0,0.9197697087,3.337193137,5.532230215,2.92664234,0,0,0,0,0.04574952093904214,0.03327524442244597
DR133,40.4865,0,0,0,0,4.77270859,0.6441448212,3.819127491,2.256394791,0,0,0,0,0.038011806234846124,0.029217561902877623
RF89,40.5635,0,0,0,0,4.251600126,0.5631979359,3.142012607,2.170407754,0,0,0,0,0.03447786701835713,0.028655440884281097
DR134,40.7175,0,0,0,0,3.330035967,0.4710784405,1.991194301,2.013414702,0,0,0,0,0.027446896771148088,0.027599616426275543
RF90,40.8715,0,0,0,0,2.3914242,0.3502802492,1.12437788,1.891508398,0,0,0,0,0.020624934365104302,0.026751033518956493
DR135,40.9485,0,0,0,0,1.937690482,0.3052122226,0.7956673374,1.841736724,0,0,0,0,0.017350108451531038,0.026396734397667473
QM46,41.175,0,0,0,0,0.4054115771,1.610914386,0.269173472,1.509904212,0,0,0,0,0.010091426393251132,0.023900727860143932
DR136,41.4015,0,0,0,0,-0.7761916478,1.680985608,0.3675115929,0.6421250872,0,0,0,0,0.01179157859846725,0.015586415430530645
RF91,41.4785,0,0,0,0,-1.114946225,1.222270685,0.5124367993,0.4227781553,0,0,0,0,0.013923761753916443,0.012647150840599933
DR137,41.6325,0,0,0,0,-1.781458168,0.3240706517,0.9534563302,0.1873252839,0,0,0,0,0.01899270539964643,0.008418498296417873
RF92,41.7865,0,0,0,0,-2.471685297,-0.5774756007,1.603386051,0.2262382004,0,0,0,0,0.024629493407718996,0.009251654320578789
DR138,41.8635,0,0,0,0,-2.810434901,-1.027788495,2.006941041,0.3488806834,0,0,0,0,0.027555210668751228,0.01148880586247563
QM47,42.09,0,0,0,0,-0.8871870512,-3.389812315,3.089530863,1.2315321,0,0,0,0,0.03418870867666732,0.021585360026667964
DR139,42.3165,0,0,0,0,1.720247635,-8.701708106,2.670964495,3.954317886,0,0,0,0,0.03178853299072347,0.038678731105897195
RF93,42.3935,0,0,0,0,1.571557389,-10.26313242,2.425672709,5.417087481,0,0,0,0,0.030293714604238207,0.04527092341980005
DR140,42.5475,0,0,0,0,1.351960232,-13.27650664,1.97686417,9.030813266,0,0,0,0,0.02734795418269448,0.05845206516003639
RF94,42.7015,0,0,0,0,1.109251156,-16.48645053,1.601313896,13.6193694,0,0,0,0,0.02461357315325795,0.07178189650089442
DR141,42.7785,0,0,0,0,1.001816852,-18.03142566,1.438484994,16.28176959,0,0,0,0,0.023328622554430238,0.07848510270084536
QM48,43.005,0,0,0,0,-0.3661583292,-1.269792053,1.216537983,22.45455147,0,0,0,0,0.021453554858552205,0.09216979484852734
DR142,43.2315,0,0,0,0,-2.055894808,16.47957378,1.832250349,17.23954467,0,0,0,0,0.026328664786587665,0.08076056045363553
RF95,43.3085,0,0,0,0,-2.306922382,15.04836906,2.174226176,14.84508947,0,0,0,0,0.028680636721943212,0.07494244162636396
DR143,43.4625,0,0,0,0,-2.757484069,12.67414545,2.958992823,10.54928404,0,0,0,0,0.03345864773321548,0.06317538853555145
RF96,43.6165,0,0,0,0,-3.262951672,10.20110287,3.897368555,7.014434318,0,0,0,0,0.03839919916524744,0.05151488742143875
DR144,43.6935,0,0,0,0,-3.495400136,9.036052731,4.423059306,5.518093931,0,0,0,0,0.0409070168728774,0.04569103260215039
QM49,43.92,0,0,0,0,0.9774475155,3.47241496,5.420445918,2.564375544,0,0,0,0,0.045284954574645375,0.031147790275230666
DR145,44.1465,0,0,0,0,4.684156323,0.9865151804,3.680724589,1.747279587,0,0,0,0,0.037316687861107076,0.025710920779465265
RF97,44.2235,0,0,0,0,4.157577611,0.8763131392,3.000403326,1.606355724,0,0,0,0,0.033691957774152535,0.024652291319057867
DR146,44.3775,0,0,0,0,3.207314341,0.7047041893,1.852026894,1.359834383,0,0,0,0,0.02647037373166606,0.022681900324548553
RF98,44.5315,0,0,0,0,2.243247773,0.5169890076,1.003532464,1.170961267,0,0,0,0,0.0194850776928411,0.021047847743824885
DR147,44.6085,0,0,0,0,1.774015871,0.4325048449,0.6899322154,1.096840787,0,0,0,0,0.016156215623643,0.02037080654638058
QM50,44.835,0,0,0,0,0.2364396716,0.9660177449,0.2261853812,0.827047403,0,0,0,0,0.00925057427860496,0.017688932705823477
DR148,45.0615,0,0,0,0,-1.090814683,0.7400144904,0.4321044749,0.3610241024,0,0,0,0,0.012785885489567508,0.011687039908625197
RF99,45.1385,0,0,0,0,-1.495071756,0.4016721582,0.6355172486,0.2725653677,0,0,0,0,0.01550601142914077,0.01015480914085559
DR149,45.2925,0,0,0,0,-2.289195237,-0.2629852397,1.22584161,0.2509309887,0,0,0,0,0.021535432990862774,0.009743468321866488
RF100,45.4465,0,0,0,0,-3.11113987,-0.9335287307,2.071116482,0.4381840381,0,0,0,0,0.027992306902057916,0.012875517849660834
DR150,45.5235,0,0,0,0,-3.512569546,-1.266037664,2.586792466,0.6094269917,0,0,0,0,0.03128363587703177,0.015184387256164616
QM51,45.75,0,0,0,0,-0.9701786636,-3.595147354,3.939096988,1.583360462,0,0,0,0,0.03860421855295494,0.02447520435469759
DR151,45.9765,0,0,0,0,2.332853403,-9.111681451,3.324224359,4.517149818,0,0,0,0,0.035463499769864515,0.04133982901599123
RF101,46.0535,0,0,0,0,2.142374799,-10.64039277,2.983009578,6.06954955,0,0,0,0,0.03359415738645142,0.0479197627527573
DR152,46.2075,0,0,0,0,1.851626206,-13.56021411,2.363302412,9.824503409,0,0,0,0,0.02990171361675922,0.060966565830941614
RF102,46.3615,0,0,0,0,1.536732159,-16.67076288,1.840110929,14.53522552,0,0,0,0,0.026385080953017042,0.07415617417391225
DR153,46.4385,0,0,0,0,1.395586004,-18.1533598,1.613549945,17.22585699,0,0,0,0,0.024707433495335173,0.08072849335920476
QM52,46.665,0,0,0,0,-0.08919587427,-0.4219070976,1.241544851,23.29938364,0,0,0,0,0.021672930343674675,0.0938876880414364
DR154,46.8915,0,0,0,0,-1.652399643,17.63788745,1.70964313,17.54460779,0,0,0,0,0.025432506334595706,0.08147197804702618
RF103,46.9685,0,0,0,0,-1.846729533,16.06923677,1.984741377,14.976072,0,0,0,0,0.027402386683544725,0.07527233498749367
DR155,47.1225,0,0,0,0,-2.188540292,13.40678408,2.605443558,10.44209256,0,0,0,0,0.03139621275037206,0.06285360586361502
RF104,47.2765,0,0,0,0,-2.57320367,10.65779534,3.3425499,6.749904213,0,0,0,0,0.03556111571658402,0.050534181232419234
DR156,47.3535,0,0,0,0,-2.747778011,9.358018881,3.749945771,5.217412551,0,0,0,0,0.03766594971515147,0.044428742158231505
QM53,47.58,0,0,0,0,0.9975738375,3.719102585,4.483840387,2.208107424,0,0,0,0,0.04118712718529587,0.028903239898493586
DR157,47.8065,0,0,0,0,3.973393397,1.317674446,3.001746105,1.25304436,0,0,0,0,0.033699496059491796,0.021773069138884764
RF105,47.8835,0,0,0,0,3.514344489,1.136951557,2.434222031,1.067637828,0,0,0,0,0.03034705298678487,0.02009779468094941
DR158,48.0375,0,0,0,0,2.677596118,0.8093324649,1.489551206,0.7707038212,0,0,0,0,0.023739094394311294,0.01707576560602626
RF106,48.1915,0,0,0,0,1.830789177,0.4745014413,0.8028572333,0.5756435315,0,0,0,0,0.017428322627369954,0.014757515330389197
DR159,48.2685,0,0,0,0,1.418553729,0.3126367827,0.555735255,0.5157793803,0,0,0,0,0.01450008015358444,0.01396909968813144
QM54,48.495,0,0,0,0,0.04610830465,0.2242565622,0.2225191736,0.422537581,0,0,0,0,0.009175297353752459,0.012643552011785356
DR160,48.7215,0,0,0,0,-1.286472203,-0.03599774223,0.5069612887,0.3484851518,0,0,0,0,0.013849172594355034,0.011482291494289398
RF107,48.7985,0,0,0,0,-1.693877576,-0.2591243122,0.735350933,0.3718024134,0,0,0,0,0.01667952783740589,0.011860214151799634
DR161,48.9525,0,0,0,0,-2.493198792,-0.6951417123,1.371418581,0.5167669884,0,0,0,0,0.022778307068793035,0.013982467223498414
RF108,49.1065,0,0,0,0,-3.320167876,-1.140916775,2.257706554,0.7968042851,0,0,0,0,0.029226053534774712,0.01736250001469246
DR162,49.1835,0,0,0,0,-3.724546156,-1.360257488,2.792624593,0.9867230278,0,0,0,0,0.03250444146091583,0.019321198417460442
QM55,49.41,0,0,0,0,-0.972885038,-3.689010246,4.176621377,1.953727647,0,0,0,0,0.039751084537453886,0.02718744775394647
DR163,49.6365,0,0,0,0,2.523061192,-9.199028927,3.517513946,4.880926346,0,0,0,0,0.036479959088195416,0.04297219676784194
RF109,49.7135,0,0,0,0,2.325835153,-10.60852927,3.156648007,6.399790363,0,0,0,0,0.034558072161159165,0.04920614053687319
DR164,49.8675,0,0,0,0,2.016988059,-13.30708545,2.496080732,10.03748678,0,0,0,0,0.030730225174033794,0.061623863342851866
RF110,50.0215,0,0,0,0,1.684965974,-16.17975556,1.935688566,14.54284778,0,0,0,0,0.027061643653380214,0.07417561534310048
DR165,50.0985,0,0,0,0,1.533762982,-17.55733149,1.690302621,17.11485899,0,0,0,0,0.02528824329008308,0.08046797851250884
QM56,50.325,0,0,0,0,-0.00680300401,0.009065715164,1.273004087,22.83113661,0,0,0,0,0.021945795482362997,0.09293947073097444
DR166,50.5515,0,0,0,0,-1.553255714,17.56849555,1.697516025,17.10808638,0,0,0,0,0.02534214491482997,0.08045205573566955
RF111,50.6285,0,0,0,0,-1.729631301,16.01600282,1.952257223,14.58104915,0,0,0,0,0.027177214853648227,0.0742729742568158
DR167,50.7825,0,0,0,0,-2.042547594,13.3131349,2.52956555,10.09240852,0,0,0,0,0.030935660830528466,0.06179222584239132
RF112,50.9365,0,0,0,0,-2.393077672,10.5347367,3.212822368,6.451501173,0,0,0,0,0.03486420656093679,0.049404535326597415
DR168,51.0135,0,0,0,0,-2.553952824,9.201067447,3.59293335,4.935077149,0,0,0,0,0.0368689703496113,0.043209913981894804
QM57,51.24,0,0,0,0,1.018582167,3.669402312,4.262912022,1.976323319,0,0,0,0,0.04015962173307525,0.027344212858325594
DR169,51.4665,0,0,0,0,3.803523159,1.340487265,2.826633012,1.008178333,0,0,0,0,0.032701761135669825,0.01953012884545645
RF113,51.5435,0,0,0,0,3.356673993,1.117819804,2.28160798,0.8211402518,0,0,0,0,0.02938034844855584,0.017625648273763936
DR170,51.6975,0,0,0,0,2.526862733,0.6950095586,1.373554893,0.5413518566,0,0,0,0,0.022796041491982822,0.014311206354506141
RF114,51.8515,0,0,0,0,1.688762379,0.2676957871,0.7239014175,0.3933009696,0,0,0,0,0.016549167138113614,0.01219828952717889
DR171,51.9285,0,0,0,0,1.276453053,0.05656190488,0.4941375347,0.3681754069,0,0,0,0,0.013672890970701066,0.011802223002274749
QM58,52.155,0,0,0,0,-0.09039551726,-0.1765236266,0.2168950932,0.4279831792,0,0,0,0,0.009058604363640053,0.01272476524317458
DR172,52.3815,0,0,0,0,-1.53682478,-0.2720653846,0.5918226493,0.501890715,0,0,0,0,0.014963466631606664,0.013779739555834558
RF115,52.4585,0,0,0,0,-1.986800417,-0.4442088372,0.8667771281,0.5586305752,0,0,0,0,0.01810881992420415,0.014537803004231853
DR173,52.6125,0,0,0,0,-2.874185008,-0.7774284019,1.622510735,0.7485575626,0,0,0,0,0.02477594441830567,0.016828640377309162
RF116,52.7665,0,0,0,0,-3.791393022,-1.122357425,2.662343091,1.045305735,0,0,0,0,0.03173718762475891,0.01988648812358999
DR174,52.8435,0,0,0,0,-4.241425755,-1.290821527,3.288337627,1.23336386,0,0,0,0,0.035271556865034255,0.021601406911488326
QM59,53.07,0,0,0,0,-0.9576034106,-3.676569146,4.880660255,2.190999029,0,0,0,0,0.04297102540508759,0.02879105115477747
DR175,53.2965,0,0,0,0,3.076208488,-9.318035716,4.017088753,5.232772654,0,0,0,0,0.038984515588108344,0.04449409337563926
RF117,53.3735,0,0,0,0,2.833735305,-10.70142468,3.564317027,6.807756467,0,0,0,0,0.0367218532945612,0.0507502790214311
DR176,53.5275,0,0,0,0,2.43852826,-13.34849564,2.741870476,10.55942286,0,0,0,0,0.032207713637840626,0.06320573988754216
RF118,53.6815,0,0,0,0,2.020862751,-16.16198776,2.048924481,15.18289135,0,0,0,0,0.02784193430440674,0.07579030777963981
DR177,53.7585,0,0,0,0,1.827334639,-17.50899118,1.748779196,17.80910424,0,0,0,0,0.02572195165834042,0.08208380246644639
QM60,53.985,0,0,0,0,0.223062294,0.7987817501,1.209852658,23.51263895,0,0,0,0,0.021394526051459258,0.09431637839219596
DR178,54.2115,0,0,0,0,-1.183541728,18.48056979,1.505894234,17.20078183,0,0,0,0,0.023868969186227298,0.08066971494556298
RF119,54.2885,0,0,0,0,-1.326379085,16.77033188,1.705338821,14.48259289,0,0,0,0,0.025400470890279275,0.07402179118327762
DR179,54.4425,0,0,0,0,-1.578345946,13.73548668,2.157676876,9.732076924,0,0,0,0,0.028571275718211886,0.06067910900738813
RF120,54.5965,0,0,0,0,-1.859239874,10.63687191,2.696529963,5.944487102,0,0,0,0,0.031940304623841634,0.047423502191062665
DR180,54.6735,0,0,0,0,-1.987613499,9.145466854,2.995320049,4.407967219,0,0,0,0,0.03366340525364602,0.040837167052313536
QM61,54.9,0,0,0,0,0.9531584505,3.597954307,3.497881368,1.479736406,0,0,0,0,0.036378012402032235,0.023660755516700768
DR181,55.1265,0,0,0,0,3.150060426,1.223879305,2.271828251,0.5094254279,0,0,0,0,0.029317313867278184,0.013882789481580823
RF121,55.2035,0,0,0,0,2.757336089,0.8393175339,1.816872924,0.3499214909,0,0,0,0,0.026217948440398882,0.011505930241843045
DR182,55.3575,0,0,0,0,2.024417044,0.08535421391,1.076717851,0.2067939672,0,0,0,0,0.020183077380983457,0.008845153234535932
RF122,55.5115,0,0,0,0,1.285563767,-0.671737848,0.5651164505,0.2979499038,0,0,0,0,0.014621953669956257,0.010617152450427561
DR183,55.5885,0,0,0,0,0.9236930854,-1.047230076,0.3948011576,0.4304680062,0,0,0,0,0.012221531664609896,0.012761651130961182
QM62,55.815,0,0,0,0,-0.3246236137,-1.203871747,0.2463024497,1.032860043,0,0,0,0,0.00965318866517137,0.019767746677822936
DR184,56.0415,0,0,0,0,-1.856927546,-0.4277655128,0.7434818611,1.338799597,0,0,0,0,0.016771488831267965,0.022505787559853153
RF123,56.1185,0,0,0,0,-2.329261015,-0.5105778995,1.068462826,1.414130148,0,0,0,0,0.02010555828679037,0.023130292201723343
DR185,56.2725,0,0,0,0,-3.252723293,-0.6474747379,1.925625348,1.591959261,0,0,0,0,0.026991208230648357,0.024541573449696027
RF124,56.4265,0,0,0,0,-4.207802978,-0.8030532345,3.07530451,1.81709358,0,0,0,0,0.03410990353415294,0.02621954045377426
DR186,56.5035,0,0,0,0,-4.673008751,-0.8722876762,3.7545302,1.945227654,0,0,0,0,0.03768896659848924,0.02712824169834255
QM63,56.73,0,0,0,0,-0.9059321726,-3.420555425,5.445077734,2.704077525,0,0,0,0,0.04538773083487273,0.03198497369469464
DR187,56.9565,0,0,0,0,3.557737937,-8.935615089,4.433719577,5.585446653,0,0,0,0,0.04095628338914395,0.04596903454957015
RF125,57.0335,0,0,0,0,3.282275618,-10.11443864,3.918795575,7.057237222,0,0,0,0,0.03850461037037908,0.051671823329091475
DR188,57.1875,0,0,0,0,2.824114736,-12.34669794,2.987568185,10.48257108,0,0,0,0,0.03361981672376294,0.0629753132724562
RF126,57.3415,0,0,0,0,2.34378121,-14.72625199,2.202366106,14.63050331,0,0,0,0,0.028865639667323136,0.07439882248247541
DR189,57.4185,0,0,0,0,2.119516108,-15.85893468,1.862865253,16.9569665,0,0,0,0,0.026547715183482472,0.08009594131096028
QM64,57.645,0,0,0,0,0.4076160589,1.479433956,1.231808677,21.85483631,0,0,0,0,0.021587783706477803,0.0909306315876677
DR190,57.8715,0,0,0,0,-0.9528661834,17.68628724,1.431836022,15.8526691,0,0,0,0,0.02327464527508402,0.07744397317578648
RF127,57.9485,0,0,0,0,-1.07005616,16.04792122,1.589008102,13.31431301,0,0,0,0,0.024518815429443532,0.07097343255985579
DR191,58.1025,0,0,0,0,-1.275222455,13.09669413,1.945455285,8.884768483,0,0,0,0,0.027129828928538262,0.057977500243599066
RF128,58.2565,0,0,0,0,-1.503766607,10.09254344,2.370937119,5.367408825,0,0,0,0,0.029949973785142213,0.04506286155448072
DR192,58.3335,0,0,0,0,-1.608280537,8.636477474,2.607391719,3.944370246,0,0,0,0,0.031407948458031576,0.03863004958997372
QM65,58.56,0,0,0,0,0.9102069185,3.387014095,2.983709734,1.249726224,0,0,0,0,0.033598099675307094,0.021744221837780364
DR193,58.7865,0,0,0,0,2.733384942,1.053618088,1.928570543,0.3675362148,0,0,0,0,0.027011841527430455,0.011791973587648668
RF129,58.8635,0,0,0,0,2.384578997,0.6150426642,1.542871204,0.2412456789,0,0,0,0,0.02416024118198952,0.009553581221715722
DR194,59.0175,0,0,0,0,1.72510697,-0.2543634729,0.9174764665,0.1863590355,0,0,0,0,0.018630902594060444,0.008396758366267427
RF130,59.1715,0,0,0,0,1.060862125,-1.127605715,0.4941635744,0.3971790478,0,0,0,0,0.013673251227981253,0.012258281597781447
DR195,59.2485,0,0,0,0,0.7329145114,-1.5636736,0.3573916117,0.6023838356,0,0,0,0,0.011628095933873478,0.01509638918269476
QM66,59.475,0,0,0,0,-0.4447257143,-1.535007083,0.2762661505,1.42213432,0,0,0,0,0.010223515664358541,0.02319566015898258
DR196,59.7015,0,0,0,0,-2.006588852,-0.3300841798,0.8289425804,1.750478674,0,0,0,0,0.01770918818482791,0.025734447025347894
RF131,59.7785,0,0,0,0,-2.48014599,-0.3956863507,1.173423221,1.809480988,0,0,0,0,0.02106996274695856,0.02616456030402658
DR197,59.9325,0,0,0,0,-3.412492982,-0.4934719644,2.074927451,1.945511719,0,0,0,0,0.028018048763173615,0.02713022241834873
RF132,60.0865,0,0,0,0,-4.375787278,-0.6112912777,3.270650236,2.117251377,0,0,0,0,0.03517656920517245,0.028302359336133117
DR198,60.1635,0,0,0,0,-4.848681594,-0.6610981116,3.978788552,2.214929378,0,0,0,0,0.03879822510505356,0.028947853786230347
QM67,60.39,0,0,0,0,-0.8451524638,-3.317292358,5.722467789,2.894979086,0,0,0,0,0.046529470142062594,0.03309475298597261
DR199,60.6165,0,0,0,0,3.809985348,-8.859476299,4.614420949,5.760060634,0,0,0,0,0.04178255887383576,0.046682053947560184
RF133,60.6935,0,0,0,0,3.513826269,-9.986520109,4.060294665,7.221230581,0,0,0,0,0.03919360440804798,0.052268740470381506
DR200,60.8475,0,0,0,0,3.007172157,-12.13650998,3.055215268,10.63104612,0,0,0,0,0.03399831054387707,0.06341973598390521
RF134,61.0015,0,0,0,0,2.480007506,-14.42318879,2.212280317,14.74335937,0,0,0,0,0.028930537754908038,0.07468521824389263
DR201,61.0785,0,0,0,0,2.22998286,-15.5199174,1.847937346,17.05961894,0,0,0,0,0.026441132339603504,0.0803380140271888
QM68,61.305,0,0,0,0,0.5041127531,1.9272898,1.165258386,21.85769591,0,0,0,0,0.020996530983970946,0.09093658031053148
DR202,61.5315,0,0,0,0,-0.779722341,17.87817249,1.304420313,15.60110624,0,0,0,0,0.022214943100861643,0.076827044387381
RF135,61.6085,0,0,0,0,-0.8882604108,16.16914462,1.436272521,12.992918,0,0,0,0,0.02331067526637045,0.0701115837342678
DR203,61.7625,0,0,0,0,-1.08157969,13.03423182,1.741997596,8.46046664,0,0,0,0,0.02567202956754161,0.05657617564476628
RF136,61.9165,0,0,0,0,-1.29409953,9.854671896,2.113347257,4.914172484,0,0,0,0,0.02827625313241957,0.04311829967186297
DR204,61.9935,0,0,0,0,-1.39257678,8.301155654,2.322396254,3.50147624,0,0,0,0,0.029641801167525614,0.036396700959702565
QM69,62.22,0,0,0,0,0.8289946783,3.071365855,2.651620774,0.9113819313,0,0,0,0,0.031673213994473697,0.018568919595413166
DR205,62.4465,0,0,0,0,2.403529088,0.5508836805,1.692043412,0.1675344428,0,0,0,0,0.025301261733496633,0.007961382345286396
RF137,62.5235,0,0,0,0,2.079782713,-0.0556624064,1.345809248,0.1292521957,0,0,0,0,0.02256462824054346,0.00699286901366338
DR206,62.6775,0,0,0,0,1.463097062,-1.265126125,0.7936762626,0.3350878326,0,0,0,0,0.017328386432341365,0.011259413215104272
RF138,62.8315,0,0,0,0,0.8425389101,-2.482784675,0.4348953683,0.9203083947,0,0,0,0,0.012827110021421012,0.01865963397253008
DR207,62.9085,0,0,0,0,0.5359540926,-3.089810807,0.3274032952,1.354848026,0,0,0,0,0.011129558886634172,0.022640276165886947
QM70,63.135,0,0,0,0,-0.6214912764,-2.245399068,0.3245168008,2.827258398,0,0,0,0,0.011080389359695806,0.03270537853000992
DR208,63.3615,0,0,0,0,-2.328256995,0.3547379171,1.00368727,3.065271904,0,0,0,0,0.01948658052943381,0.034054219490839144
RF139,63.4385,0,0,0,0,-2.83952165,0.2994734192,1.40935933,3.020041854,0,0,0,0,0.023091242173858897,0.0338020398568421
DR209,63.5925,0,0,0,0,-3.841666583,0.243242701,2.45057236,2.935463621,0,0,0,0,0.030448800871862157,0.03332535465038164
RF140,63.7465,0,0,0,0,-4.877101547,0.1619105038,3.813996494,2.875844506,0,0,0,0,0.037986263225769874,0.03298520054407522
DR210,63.8235,0,0,0,0,-5.382774236,0.1341444468,4.612328152,2.85280816,0,0,0,0,0.04177308289281811,0.03285282442155199
QM71,64.05,0,0,0,0,-0.7095545792,-2.731660077,6.534279338,3.21354322,0,0,0,0,0.049720475900414694,0.03486811753400223
DR211,64.2765,0,0,0,0,4.517242068,-8.005920937,5.151920887,5.817824841,0,0,0,0,0.044149015278191414,0.04691554324213067
RF141,64.3535,0,0,0,0,4.155183188,-8.938327025,4.485607196,7.1498179,0,0,0,0,0.0411952410579574,0.052009648542915045
DR212,64.5075,0,0,0,0,3.523125379,-10.69449081,3.293786531,10.19720755,0,0,0,0,0.03530076794337231,0.062112220868194686
RF142,64.6615,0,0,0,0,2.871351454,-12.56895723,2.304053824,13.82501743,0,0,0,0,0.029524512726344838,0.07232180761370276
DR213,64.7385,0,0,0,0,2.56089885,-13.45871182,1.883736978,15.83889145,0,0,0,0,0.026696022530401053,0.07741031234920133
QM72,64.965,0,0,0,0,0.7351353302,2.671550685,1.082249763,19.82882688,0,0,0,0,0.020234858804599087,0.08661337049107368
DR214,65.1915,0,0,0,0,-0.4464370074,16.72884303,1.09102374,13.8164092,0,0,0,0,0.02031671689605263,0.07229928830412873
RF143,65.2685,0,0,0,0,-0.5414014132,15.05959939,1.169651157,11.37814247,0,0,0,0,0.021036069936199664,0.06561031341192067
DR215,65.4225,0,0,0,0,-0.7118756586,11.97254679,1.362903564,7.20984846,0,0,0,0,0.022707482712384656,0.05222753116824146
RF144,65.5765,0,0,0,0,-0.8958820326,8.851901396,1.612784102,4.003652593,0,0,0,0,0.024701569325827403,0.038919264239165176
DR216,65.6535,0,0,0,0,-0.9817425074,7.329275226,1.757021471,2.760629667,0,0,0,0,0.02578249623148766,0.03231770438083905
QM73,65.80525,0,0,0,0,-0.2321956975,3.881488382,2.01248558,1.037060875,0,0,0,0,0.027593247552078957,0.01980790541903119
MIDBETA$END,65.88,0,0,0,0,0.6341587095,2.485407131,1.982168151,0.5675161077,0,0,0,0,0.027384617264195037,0.014652965426024967
