{
    "results.summaryFile": "dat/D5mm_FWHM5mm/summary__Ra226gn__dist16mm_shift2mm.dat",
    "results.yieldFile": "dat/D5mm_FWHM5mm/dYield_vs_energy__Ra226gn__dist16mm_shift2mm.dat",
    "results.jsonFile": "dat/D5mm_FWHM5mm/results__Ra226gn__dist16mm_shift2mm.json",
    "results.time.unit": "d",
    "target.g/cm3": 4.9,
    "target.g/mol": 297.0,
    "target.mass.mg": 398.6429292480906,
    "target.activity.Bq": 11100000000.0,
    "target.halflife": {
        value: 50457600000.0,
        unit: "s",
    },
    "product.halflife": {
        value: 1287360.0,
        unit: "s",
    },
    "decayed.halflife": {
        value: 855360.0,
        unit: "s",
    },
    "target.thick.type": "fluence-Bq",
    "target.thick.direct.mm": null,
    "target.area.type": "disk",
    "target.area.direct.cm2": null,
    "target.area.diameter.mm": 3.0,
    "integral.method": "simpson",
    "integral.EAxis.min": 0.0,
    "integral.EAxis.max": 50.0,
    "integral.EAxis.num": 501,
    "photon.filetype": "phits-out",
    "photon.filename": "phitsout/D5mm_FWHM5mm/fluence_energy__dist16mm_shift2mm.dat",
    "photon.bin2point.convert": "edge",
    "photon.fit.method": "linear",
    "photon.fit.p0": null,
    "photon.beam.current.sim": 100.0,
    "photon.beam.current.use": 300.0,
    "photon.beam.duration.h": 120.0,
    "xsection.filename": "xs/xs__JENDL5_Ra226gn.dat",
    "xsection.database": "JENDL",
    "xsection.fit.Eth": 6.4,
    "xsection.fit.method": "linear",
    "xsection.fit.p0": null,
    "plot.config": {
        "figure.pngFile": "png/dYield_vs_energy.png",
        "ax1.x.range": {
            auto: false,
            min: 0.0,
            max: 60.0,
            num: 11,
        },
        "ax1.y.range": {
            auto: false,
            min: 0.0,
            max: 10.0,
            num: 11,
        },
    },
    "plot.xsection.norm": 100.0,
    "plot.photon.norm": 100000000000.0,
    "plot.dYield.norm": 10000000000.0,
    "plot.norm.auto": true,
    "target.lambda.1/s": 1.3737220568555486e-11,
    "product.lambda.1/s": 5.384252893984164e-07,
    "decayed.lambda.1/s": 8.103572537410509e-07,
    "target.area.cm2": 0.07068583470577036,
    "target.atoms/cm3": 9.931986531986532e+21,
    "target.tN_product": 9.931986531986532e+21,
    "target.atoms": 8.080237151762645e+20,
    "target.volume.cm3": 0.0813556998465491,
    "target.thick.cm": 1.1509477137136743,
    YieldRate: 34036135310.15365,
    Y_product: 18325.916004373135,
    A_product: 7063494782.604526,
    N_product: 1.3118802035648404e+16,
    Y_decayed: 8156.701429047163,
    A_decayed: 3143898399.0534945,
    N_decayed: 5839061539189918.0,
    N_saturate: 6.321422113768521e+16,
    A_saturate: 34036135310.15365,
    Yn_product_Bq: 5.503278079391332e-09,
    Yn_product_wt: 0.15323584641639892,
    An_product_Bq: 4.910114824966998e-09,
    An_product_wt: 0.13671953158666175,
    Yn_decayed_Bq: 2.449459888602752e-09,
    Yn_decayed_wt: 0.0682039057227823,
    An_decayed_Bq: 2.185448225345828e-09,
    An_decayed_wt: 0.06085264160358837,
    lambda_t: 0.2325997250201159,
    F_saturate: 0.20752928375206414,
    R_saturate: 89.22163761548575,
    t_max_d: 17.40063068508605,
    ratio: 44.509106268416375,
}