,Diameter,FWHM,dist,EY,EY2,VY,sigmaY,Pmiss,EL,sigma_b
0,3.0,4.0,12.0,6.949700723924419e-09,4.830907758000187e-17,1.0737427886276168e-20,1.0362156091410787e-10,0.0017601362128745477,1.1056840942939767e-20,0.6
1,3.0,4.0,16.0,5.635634901502243e-09,3.1766084044473745e-17,5.70330144354734e-21,7.552020553168099e-11,0.0009564902409252448,4.9510493444851474e-23,0.6
2,3.0,4.0,20.0,4.680556576619269e-09,2.1910928366584662e-17,3.318499650767305e-21,5.760642022177133e-11,0.0005621901864471292,2.761138310834234e-25,0.6
3,5.0,4.0,12.0,8.245953031086862e-09,6.801088612185776e-17,1.514473096715769e-20,1.2306393040675114e-10,0.0017690941504248047,1.3666451037000253e-20,0.6
4,5.0,4.0,16.0,6.5984636634120424e-09,4.354741923433299e-17,7.696516963917337e-21,8.772979518907666e-11,0.0009122281850371595,3.778210234646691e-23,0.6
5,5.0,4.0,20.0,5.428106907495109e-09,2.9468651460786996e-17,4.30686159087566e-21,6.562668352793443e-11,0.0005002081210656582,1.0041977758502228e-25,0.6
6,7.0,4.0,12.0,7.917755377727497e-09,6.270171223926341e-17,1.086201773071556e-20,1.0422100426840819e-10,0.0008583688160162724,2.6026763797868448e-23,0.6
7,7.0,4.0,16.0,6.369750789479036e-09,4.057936368076112e-17,5.638560692317092e-21,7.509035019439643e-11,0.0004224615346207336,2.1200441649581778e-26,0.6
8,7.0,4.0,20.0,5.265299239251516e-09,2.7726592679670306e-17,3.2166008077174683e-21,5.67150844812689e-11,0.0002233702126391984,0.0,0.6
9,9.0,4.0,12.0,7.117438710883146e-09,5.0664067824507043e-17,6.134021329101626e-21,7.831999316331448e-11,0.0002610127897568674,0.0,0.6
10,9.0,4.0,16.0,5.7991664148563686e-09,3.3633643736149354e-17,3.3126289512848794e-21,5.755544241238077e-11,0.00011931092928598561,0.0,0.6
11,9.0,4.0,20.0,4.834209994549278e-09,2.3371534185371486e-17,1.9479139713544864e-21,4.413517838815752e-11,5.9742331260462466e-05,0.0,0.6
12,11.0,4.0,12.0,6.227922792266408e-09,3.8790047990120484e-17,3.0256836890734225e-21,5.500621500406497e-11,4.4699214512706555e-05,0.0,0.6
13,11.0,4.0,16.0,5.140661472055128e-09,2.6428117345266226e-17,1.7169749942293678e-21,4.143639697451225e-11,1.911373401625827e-05,0.0,0.6
14,11.0,4.0,20.0,4.335610962117415e-09,1.8798574575367554e-17,1.052160534856167e-21,3.2437024136874314e-11,9.031176193804205e-06,0.0,0.6
15,3.0,5.0,12.0,6.259975182892061e-09,3.9193783796378524e-17,6.4945059540304425e-21,8.058849765338999e-11,0.0007484283679240627,5.7719908381406616e-24,0.6
16,3.0,5.0,16.0,5.116903726179235e-09,2.6186273769150248e-17,3.5700261633065995e-21,5.974969592647815e-11,0.0003959968629980699,8.72386247355491e-27,0.6
17,3.0,5.0,20.0,4.279818025508137e-09,1.8318947283233993e-17,2.104951769626692e-21,4.587975337364721e-11,0.00021560969943439952,0.0,0.6
18,5.0,5.0,12.0,7.4429769257801816e-09,5.5407294850791524e-17,9.389333095318628e-21,9.689857117274035e-11,0.0008023009969071894,1.312432823046512e-23,0.6
19,5.0,5.0,16.0,6.020084632882597e-09,3.624637279814727e-17,4.953811078075029e-21,7.038331533875788e-11,0.0003993627759034525,1.1206739655753032e-26,0.6
20,5.0,5.0,20.0,4.9860061751212505e-09,2.4863098377390616e-17,2.840799043374084e-21,5.3299146741520015e-11,0.00021113762235417828,0.0,0.6
21,7.0,5.0,12.0,7.252240514981813e-09,5.260232720311823e-17,7.334715974555165e-21,8.564295636276905e-11,0.0004274750966600511,2.72497703735976e-26,0.6
22,7.0,5.0,16.0,5.889015865542687e-09,3.4684425512506865e-17,3.917647893377966e-21,6.259111672895736e-11,0.00020229385193717964,0.0,0.6
23,7.0,5.0,20.0,4.893770116130569e-09,2.395124919805431e-17,2.2632485217103032e-21,4.7573611610958264e-11,0.00010100479374296733,0.0,0.6
24,9.0,5.0,12.0,6.640679012981083e-09,4.410316279257704e-17,4.545039129634677e-21,6.741690536975631e-11,0.00014260719792244506,0.0,0.6
25,9.0,5.0,16.0,5.4434775494828735e-09,2.96339519294429e-17,2.5040977188297617e-21,5.0040960410745135e-11,6.338136151699454e-05,0.0,0.6
26,9.0,5.0,20.0,4.55525522969177e-09,2.075182721262245e-17,1.477004988227901e-21,3.8431822598309083e-11,2.9477900172011427e-05,0.0,0.6
27,11.0,5.0,12.0,5.902551477180505e-09,3.48425699691696e-17,2.4560284038394725e-21,4.95583333440449e-11,2.817928082833322e-05,0.0,0.6
28,11.0,5.0,16.0,4.895792813347466e-09,2.397019559296794e-17,1.4083217432401263e-21,3.7527613076774895e-11,1.1595478894155346e-05,0.0,0.6
29,11.0,5.0,20.0,4.136936182607206e-09,1.7115103251405548e-17,8.622724408649042e-22,2.936447583160483e-11,5.1468127876637e-06,0.0,0.6
30,3.0,6.0,12.0,5.615239948300367e-09,3.1534786833412996e-17,3.8671564246860205e-21,6.218646496373644e-11,0.0002733155632713531,0.0,0.6
31,3.0,6.0,16.0,4.634629125503675e-09,2.1481959466005186e-17,2.172335038230238e-21,4.6608315118981056e-11,0.00013243135017284953,0.0,0.6
32,3.0,6.0,20.0,3.9037833353192185e-09,1.5240846793896536e-17,1.3224647804936251e-21,3.636570885454627e-11,7.094772171609665e-05,0.0,0.6
33,5.0,6.0,12.0,6.68749189579483e-09,4.472825492772949e-17,5.707071407964498e-21,7.554516138022672e-11,0.00031472093262668036,1.0042158858843745e-27,0.6
34,5.0,6.0,16.0,5.468484682052358e-09,2.990746731760528e-17,3.142599763998172e-21,5.605889549391936e-11,0.00015377309422802952,0.0,0.6
35,5.0,6.0,20.0,4.564717972361869e-09,2.0838495312201474e-17,1.8451449980183636e-21,4.2955151006815973e-11,7.725273237091916e-05,0.0,0.6
36,7.0,6.0,12.0,6.602412805404925e-09,4.359663945267372e-17,4.784599698790385e-21,6.9170800911876e-11,0.00018156601169012026,0.0,0.6
37,7.0,6.0,16.0,5.408084365450269e-09,2.9250008372859375e-17,2.631869031737939e-21,5.1301744919037e-11,8.260415281353583e-05,0.0,0.6
38,7.0,6.0,20.0,4.52776067137939e-09,2.0502172715228715e-17,1.5560179387693628e-21,3.94463932289045e-11,3.954455871947852e-05,0.0,0.6
39,9.0,6.0,12.0,6.14130086332543e-09,3.7718801271069414e-17,3.2249771877436814e-21,5.678888260693004e-11,6.664427308133434e-05,0.0,0.6
40,9.0,6.0,16.0,5.066169462784142e-09,2.5667888994586377e-17,1.81596893981996e-21,4.261418707214723e-11,2.8666007647174994e-05,0.0,0.6
41,9.0,6.0,20.0,4.260342027481905e-09,1.8151597020953025e-17,1.0828298243953895e-21,3.290637969141226e-11,1.2526935235846813e-05,0.0,0.6
42,11.0,6.0,12.0,5.542545917882454e-09,3.072171390302929e-17,1.8986511938375286e-21,4.3573514820789114e-11,1.4955345005398353e-05,0.0,0.6
43,11.0,6.0,16.0,4.619145442243937e-09,2.133760557423593e-17,1.1009576329957938e-21,3.318068162343555e-11,5.8612944093088516e-06,0.0,0.6
44,11.0,6.0,20.0,3.9151794242606796e-09,1.5329305923406876e-17,6.759992526895805e-22,2.5999985628641806e-11,2.421971468569432e-06,0.0,0.6
45,3.0,7.0,12.0,5.053315018357069e-09,2.5538315316307637e-17,2.3226415545268092e-21,4.819379165957799e-11,8.635358283265476e-05,0.0,0.6
46,3.0,7.0,16.0,4.2027375408608565e-09,1.7664350627913386e-17,1.347790552226389e-21,3.671226705375724e-11,4.0502404482279504e-05,0.0,0.6
47,3.0,7.0,20.0,3.561020844284969e-09,1.2681694650648155e-17,8.251972161208549e-22,2.8726246119548144e-11,1.926002932793101e-05,0.0,0.6
48,5.0,7.0,12.0,6.0202239626041345e-09,3.624662989892476e-17,3.533339011731496e-21,5.944189609805104e-11,0.00011449818956032177,0.0,0.6
49,5.0,7.0,16.0,4.958137468449268e-09,2.458509474762369e-17,1.9675915831736286e-21,4.435754257365514e-11,5.007541068225554e-05,0.0,0.6
50,5.0,7.0,20.0,4.171970505084526e-09,1.7406524613434946e-17,1.1867181397102836e-21,3.4448775590872364e-11,2.4086723154336874e-05,0.0,0.6
51,7.0,7.0,12.0,5.9989974905394994e-09,3.5991087861744274e-17,3.116970245062394e-21,5.582983293063301e-11,7.037157183548658e-05,0.0,0.6
52,7.0,7.0,16.0,4.949658549336409e-09,2.450085805449696e-17,1.7382994779514414e-21,4.169291879865742e-11,2.9044933896055796e-05,0.0,0.6
53,7.0,7.0,20.0,4.167213076365085e-09,1.7366702089893185e-17,1.0372660650253679e-21,3.2206615237018745e-11,1.260404349381656e-05,0.0,0.6
54,9.0,7.0,12.0,5.644817356287903e-09,3.186618923390769e-17,2.226248058539133e-21,4.718313319968411e-11,2.7026206810137522e-05,0.0,0.6
55,9.0,7.0,16.0,4.688083381595044e-09,2.1979403475213324e-17,1.277682425700141e-21,3.57446838802659e-11,1.0982229083905275e-05,0.0,0.6
56,9.0,7.0,20.0,3.966398276201586e-09,1.5733092916436414e-17,7.776309814988821e-22,2.7886035600258458e-11,4.632433180128654e-06,0.0,0.6
57,11.0,7.0,12.0,5.165840595367613e-09,2.668732207401869e-17,1.4130172706786094e-21,3.759012198275778e-11,6.7359330476559485e-06,0.0,0.6
58,11.0,7.0,16.0,4.329942358578952e-09,1.8749236192734493e-17,8.353641182357113e-22,2.8902666282467978e-11,2.571661473620469e-06,0.0,0.6
59,11.0,7.0,20.0,3.6870252436906923e-09,1.359467259248742e-17,5.174448750108918e-22,2.2747414688506732e-11,9.932993879366089e-07,0.0,0.6
60,3.0,8.0,12.0,4.5549493167222035e-09,2.0748987922601922e-17,1.4246446938550717e-21,3.774446573810619e-11,2.490747622464859e-05,0.0,0.6
61,3.0,8.0,16.0,3.8218338070601125e-09,1.4607247155324762e-17,8.335065371692232e-22,2.8870513282053423e-11,9.982259879599657e-06,0.0,0.6
62,3.0,8.0,20.0,3.265915472991426e-09,1.0666741449183604e-17,5.375724587942062e-22,2.318560887262196e-11,5.155930142948704e-06,0.0,0.6
63,5.0,8.0,12.0,5.417932020611864e-09,2.9356169313182996e-17,2.181933211637847e-21,4.6711167954118283e-11,3.597559563714905e-05,0.0,0.6
64,5.0,8.0,16.0,4.506197803241488e-09,2.0307082914043133e-17,1.2642721047248397e-21,3.5556604235005904e-11,1.5510911245816745e-05,0.0,0.6
65,5.0,8.0,20.0,3.819941193784016e-09,1.4592721756896774e-17,7.710329287192751e-22,2.7767479696927396e-11,6.661126527583677e-06,0.0,0.6
66,7.0,8.0,12.0,5.4348925369433304e-09,2.954004975515066e-17,1.992867028344734e-21,4.464153926943754e-11,2.2911906119312048e-05,0.0,0.6
67,7.0,8.0,16.0,4.526060149271729e-09,2.048636552037223e-17,1.1450455466041456e-21,3.383852163739051e-11,8.966452940215277e-06,0.0,0.6
68,7.0,8.0,20.0,3.834304744361909e-09,1.470259468296208e-17,7.018103258364687e-22,2.6491702962181737e-11,3.814146510625035e-06,0.0,0.6
69,9.0,8.0,12.0,5.169778865874458e-09,2.6728132955892432e-17,1.5194338502352565e-21,3.8979915985482277e-11,9.790815033169445e-06,0.0,0.6
70,9.0,8.0,16.0,4.325969220186872e-09,1.871489651373945e-17,8.868197352405124e-22,2.9779518720767005e-11,3.6600909753805294e-06,0.0,0.6
71,9.0,8.0,20.0,3.6773951711407234e-09,1.3523777233730845e-17,5.419890017355647e-22,2.328065724449301e-11,1.3671962561806452e-06,0.0,0.6
72,11.0,8.0,12.0,4.789662642325355e-09,2.2941895925603926e-17,1.0276983168273155e-21,3.2057734118732026e-11,2.6535358548247034e-06,0.0,0.6
73,11.0,8.0,16.0,4.034448496880233e-09,1.6277384765556294e-17,6.100915771256363e-22,2.4700031925599536e-11,9.015580448716268e-07,0.0,0.6
74,11.0,8.0,20.0,3.4558450193508923e-09,1.1943252064079193e-17,3.872663068234916e-22,1.9679082977199207e-11,3.4924951778570176e-07,0.0,0.6
0,3.0,4.0,12.0,6.893412580589459e-09,4.755147868914039e-17,3.234168291135999e-20,1.7983793512871525e-10,0.01897696448576076,3.6019018016598764e-14,0.8
1,3.0,4.0,16.0,5.59455996214585e-09,3.1316362010692443e-17,1.7260840647070805e-20,1.3138051852185242e-10,0.013239312019716213,5.017203055237837e-15,0.8
2,3.0,4.0,20.0,4.649196276821181e-09,2.1625104244356634e-17,1.0078223948700486e-20,1.0039035784725786e-10,0.00968376284458067,7.836687963951757e-16,0.8
3,5.0,4.0,12.0,8.179104399573378e-09,6.694336347830094e-17,4.561469918033951e-20,2.135759798768099e-10,0.01903402655601134,4.333888743830164e-14,0.8
4,5.0,4.0,16.0,6.550743832373532e-09,4.2935545747317353e-17,2.3300989937484423e-20,1.5264661783834066e-10,0.012874807589134084,5.087713686758601e-15,0.8
5,5.0,4.0,20.0,5.39237399347462e-09,2.909078619560396e-17,1.3088910102541693e-20,1.1440677472309798e-10,0.009041428127356008,6.186266356920069e-16,0.8
6,7.0,4.0,12.0,7.861059038257703e-09,6.182914748056275e-17,3.2898277589629505e-20,1.8137882343214575e-10,0.01242144572900151,5.068036945748805e-15,0.8
7,7.0,4.0,16.0,6.328854756739798e-09,4.007155504286901e-17,1.7152510961036882e-20,1.3096759507999253e-10,0.008187708116775673,4.115848910398422e-16,0.8
8,7.0,4.0,20.0,5.234384662198345e-09,2.7408599488033362e-17,9.816696176080955e-21,9.907924190303918e-11,0.005635762606086369,3.544728534184434e-17,0.8
9,9.0,4.0,12.0,7.074755866357668e-09,5.0070877006602764e-17,1.8706438040524547e-20,1.3677148109355455e-10,0.006173822913599392,8.476919579217613e-17,0.8
10,9.0,4.0,16.0,5.767771668452516e-09,3.3277327195117724e-17,1.0137175714207664e-20,1.0068354241983972e-10,0.0039060222648005863,3.4882407070006875e-18,0.8
11,9.0,4.0,20.0,4.810119679972435e-09,2.31432274772659e-17,5.9761416077778106e-21,7.730550826285156e-11,0.002609298891874678,1.6212479625551695e-19,0.8
12,11.0,4.0,12.0,6.197891313124115e-09,3.8423148310390846e-17,9.291581091476686e-21,9.639284771951022e-11,0.0022037284373486866,5.800216267160028e-20,0.8
13,11.0,4.0,16.0,5.118024137702216e-09,2.6199456840676768e-17,5.285766574257189e-21,7.270327760326346e-11,0.0013447711841872022,8.810940177863383e-22,0.8
14,11.0,4.0,20.0,4.31788160327439e-09,1.8647346702136132e-17,3.2451622407157055e-21,5.696632549775091e-11,0.0008704330251436508,1.612830701846166e-23,0.8
15,3.0,5.0,12.0,6.216124378978746e-09,3.865989055998161e-17,1.9688265047708135e-20,1.403148782122129e-10,0.011458492514722462,2.6186365621841134e-15,0.8
16,3.0,5.0,16.0,5.084359561522911e-09,2.5861576039175117e-17,1.0863888325666624e-20,1.0422997805653911e-10,0.007882704321585051,2.651148677454227e-16,0.8
17,3.0,5.0,20.0,4.254808560875073e-09,1.8109821016749886e-17,6.425127054081018e-21,8.01568902470712e-11,0.005520324107949009,2.5271470900358344e-17,0.8
18,5.0,5.0,12.0,7.39025766354051e-09,5.4644359232199126e-17,2.84508986798951e-20,1.6867394191129554e-10,0.0119370504769656,3.867221131622068e-15,0.8
19,5.0,5.0,16.0,5.981749064332595e-09,3.5796396034365025e-17,1.5074165721146817e-20,1.2277689408494914e-10,0.007921948926455114,3.210895212560445e-16,0.8
20,5.0,5.0,20.0,4.956951600802977e-09,2.4580041229045628e-17,8.672056342433791e-21,9.312387632843572e-11,0.005453025986692073,2.7231770705281314e-17,0.8
21,7.0,5.0,12.0,7.205598075614919e-09,5.194295438283656e-17,2.2310755531132922e-20,1.4936785307131157e-10,0.008244599441488375,4.8776232091931635e-16,0.8
22,7.0,5.0,16.0,5.854894287493879e-09,3.429174879371448e-17,1.1961675986020167e-20,1.0936944722371128e-10,0.005318191016500607,2.741016758631773e-17,0.8
23,7.0,5.0,20.0,4.867815763987683e-09,2.3702560731896215e-17,6.930419769222952e-21,8.324914275368217e-11,0.003544095656344265,1.5008070840652588e-18,0.8
24,9.0,5.0,12.0,6.603912089064667e-09,4.362555331098425e-17,1.3898430889789225e-20,1.178916065281546e-10,0.004334931321732412,8.094864187843439e-18,0.8
25,9.0,5.0,16.0,5.4161651120344795e-09,2.934252546255215e-17,7.680941732680112e-21,8.76409820385424e-11,0.0027007615337736224,2.358228007012201e-19,0.8
26,9.0,5.0,20.0,4.534265899684875e-09,2.0564108756565247e-17,4.5415075201624915e-21,6.739070796602816e-11,0.0017297225946080435,6.2675316990568566e-21,0.8
27,11.0,5.0,12.0,5.8754845486787745e-09,3.4528871488120127e-17,7.552806357105353e-21,8.690688325504115e-11,0.0016850043781191297,6.568609994167858e-21,0.8
28,11.0,5.0,16.0,4.875284179161375e-09,2.377273691922876e-17,4.3410916475543056e-21,6.588696113461528e-11,0.001006177711397295,6.741943650461497e-23,0.8
29,11.0,5.0,20.0,4.120881103535502e-09,1.6984323855986373e-17,2.6627865103994538e-21,5.1602194821533064e-11,0.000628437564074508,7.199204565974612e-25,0.8
30,3.0,6.0,12.0,5.5813515489801476e-09,3.1163275815257744e-17,1.1790701954648142e-20,1.0858499875511415e-10,0.006342647680106032,7.899326807630521e-17,0.8
31,3.0,6.0,16.0,4.609208489939311e-09,2.1251447793685943e-17,6.6448899573172535e-21,8.151619444820308e-11,0.004151437578092483,4.221902674956798e-18,0.8
32,3.0,6.0,20.0,3.8839368958145935e-09,1.5089020675392647e-17,4.054864722745663e-21,6.367781970785167e-11,0.002884237033401939,2.7426131752745096e-19,0.8
33,5.0,6.0,12.0,6.646331302111215e-09,4.419110794434048e-17,1.7388166917122813e-20,1.318641987695023e-10,0.00688918973928783,1.5567418433959798e-16,0.8
34,5.0,6.0,16.0,5.4379145576914145e-09,2.958052155200565e-17,9.606815253439812e-21,9.801436248550419e-11,0.004530173541039236,8.943231458039901e-18,0.8
35,5.0,6.0,20.0,4.541277217276528e-09,2.0628854521505382e-17,5.6557573505361285e-21,7.520476946667764e-11,0.0030310128551710373,4.600437327573069e-19,0.8
36,7.0,6.0,12.0,6.564699545294503e-09,4.310989593470904e-17,1.4615814719192825e-20,1.2089588379755873e-10,0.004992300728231649,2.0436144659692767e-17,0.8
37,7.0,6.0,16.0,5.3800906143233825e-09,2.895344028782619e-17,8.065269495638393e-21,8.980684548317234e-11,0.0031517403786359317,7.221283669144597e-19,0.8
38,7.0,6.0,20.0,4.506222165077153e-09,2.0310818425130268e-17,4.780224097642185e-21,6.913916471611575e-11,0.002052052614373242,2.4236776423381707e-20,0.8
39,9.0,6.0,12.0,6.110306795444696e-09,3.734573954433986e-17,9.890409882235269e-21,9.945053987905379e-11,0.002780937277190446,3.3019640445481003e-19,0.8
40,9.0,6.0,16.0,5.042895468432419e-09,2.54363789165382e-17,5.584211001976846e-21,7.47275785903494e-11,0.001701863339536945,6.112124747482073e-21,0.8
41,9.0,6.0,20.0,4.242359746677557e-09,1.800095336642587e-17,3.3371461958069736e-21,5.7768037839336157e-11,0.0010523002504745581,8.73609642935871e-23,0.8
42,11.0,6.0,12.0,5.51873711277826e-09,3.0462308128452096e-17,5.848808495972149e-21,7.647750320173998e-11,0.001166247872711014,2.7996040093222195e-22,0.8
43,11.0,6.0,16.0,4.6010051278607724e-09,2.1172647122759635e-17,3.398936158513099e-21,5.830039586926575e-11,0.0006775671386153066,1.6554788218912764e-24,0.8
44,11.0,6.0,20.0,3.900958492669214e-09,1.5219567804548838e-17,2.090643020771958e-21,4.5723549958111935e-11,0.00040632235830534495,8.685942461458596e-27,0.8
45,3.0,7.0,12.0,5.027018293285793e-09,2.5278029411442562e-17,7.116490412550658e-21,8.435929357546007e-11,0.003234407413624651,8.120787103163853e-19,0.8
46,3.0,7.0,16.0,4.182692307577514e-09,1.7499055162372027e-17,4.140222503916338e-21,6.434456079511568e-11,0.002080831333515921,2.5081808090689142e-20,0.8
47,3.0,7.0,20.0,3.545327341391536e-09,1.2571886303780203e-17,2.5403461618259718e-21,5.0401846809675255e-11,0.001350739069126314,6.336587283092955e-22,0.8
48,5.0,7.0,12.0,5.987798835952169e-09,3.586454925244623e-17,1.0814352616084607e-20,1.039920795834212e-10,0.0038132351925470108,3.0696079521271395e-18,0.8
49,5.0,7.0,16.0,4.93392209192306e-09,2.43496272756377e-17,6.040066471275246e-21,7.771786455683948e-11,0.0023543693184636984,7.663751517773374e-20,0.8
50,5.0,7.0,20.0,4.153153687865091e-09,1.7252336595319182e-17,3.651040291776654e-21,6.042383877060985e-11,0.001538120591360605,2.1995393466209058e-21,0.8
51,7.0,7.0,12.0,5.9685283562042746e-09,3.563288808722276e-17,9.557348408259377e-21,9.776169192612911e-11,0.0028705606131266765,4.0706875565096636e-19,0.8
52,7.0,7.0,16.0,4.926887935716948e-09,2.4279569899827894e-17,5.345168714682387e-21,7.31106607457653e-11,0.0017149060876946942,6.3524874214620824e-21,0.8
53,7.0,7.0,20.0,4.149613262930696e-09,1.7222486907927373e-17,3.1966760370376207e-21,5.6539154902046606e-11,0.001056053099450807,8.81849564603918e-23,0.8
54,9.0,7.0,12.0,5.619046873344437e-09,3.158053477233193e-17,6.847007490033235e-21,8.274664639750202e-11,0.0016445741831314297,5.15503911636123e-21,0.8
55,9.0,7.0,16.0,4.668548448596413e-09,2.1799283535186967e-17,3.938918294993479e-21,6.27608022175743e-11,0.0009749631049143577,4.870383039305087e-23,0.8
56,9.0,7.0,20.0,3.951150682430658e-09,1.5613993644193515e-17,2.401928921258027e-21,4.900947787171403e-11,0.0005912747408557165,3.8200511637269364e-25,0.8
57,11.0,7.0,12.0,5.145291174223405e-09,2.647838229639222e-17,4.361028850950109e-21,6.603808636650603e-11,0.0007344112327572479,3.971940931080638e-24,0.8
58,11.0,7.0,16.0,4.314134228166323e-09,1.8614337358542086e-17,2.5832199058466126e-21,5.082538643086359e-11,0.00042065690584422547,1.3739827017596102e-26,0.8
59,11.0,7.0,20.0,3.674578473183192e-09,1.3504129684424618e-17,1.602728843298893e-21,4.003409600951285e-11,0.0002428153543536067,0.0,0.8
60,3.0,8.0,12.0,4.534332809078156e-09,2.0564556652314745e-17,4.382628832140639e-21,6.620142620926409e-11,0.0015683635214714265,2.8197069499606102e-21,0.8
61,3.0,8.0,16.0,3.806054774340575e-09,1.4488623114812903e-17,2.570169532220032e-21,5.069683946973452e-11,0.0009224555318770948,2.4110259100588257e-23,0.8
62,3.0,8.0,20.0,3.2532387124091342e-09,1.0585222193143162e-17,1.6600732257192809e-21,4.074399619231379e-11,0.0006290818605801448,5.739949025377057e-25,0.8
63,5.0,8.0,12.0,5.392424886302832e-09,2.9084951196195586e-17,6.7050417774703355e-21,8.188431948468727e-11,0.0019421758857089463,1.8815858402892026e-20,0.8
64,5.0,8.0,16.0,4.486769948650869e-09,2.013499880798141e-17,3.894235864890384e-21,6.240381290346276e-11,0.0011912007143216178,2.7348177063751454e-22,0.8
65,5.0,8.0,20.0,3.804761428576965e-09,1.4478589243938047e-17,2.379715551018532e-21,4.878232826565919e-11,0.000729675370193958,2.7635122974797825e-24,0.8
66,7.0,8.0,12.0,5.4105072899426655e-09,2.927972121596414e-17,6.132081441409834e-21,7.830760781309716e-11,0.0014940738591971456,2.2524842982310802e-21,0.8
67,7.0,8.0,16.0,4.507564683737571e-09,2.032167108288884e-17,3.5317048106510914e-21,5.942814830239195e-11,0.0008668114882688633,1.620670262389137e-23,0.8
68,7.0,8.0,20.0,3.8198180877949405e-09,1.4593178810293663e-17,2.168586448267396e-21,4.6568084008979756e-11,0.000528369951141242,1.220454052334553e-25,0.8
69,9.0,8.0,12.0,5.1484743402984815e-09,2.6511473515697512e-17,4.68548298562749e-21,6.845058791294265e-11,0.0009121563607604976,2.9458567374968705e-23,0.8
70,9.0,8.0,16.0,4.309684321816651e-09,1.8576119440713448e-17,2.7404870012026404e-21,5.2349660946396205e-11,0.0005159150896998606,1.0859911491071297e-25,0.8
71,9.0,8.0,20.0,3.6646583267131303e-09,1.3431398527401855e-17,1.6778758539754172e-21,4.0961882939818786e-11,0.00029199964782746646,0.0,0.8
72,11.0,8.0,12.0,4.7721291298575055e-09,2.2776394227014032e-17,3.177794979480433e-21,5.6371934324452916e-11,0.00042834898905825695,1.83109192301728e-26,0.8
73,11.0,8.0,16.0,4.020932776984458e-09,1.6169790378409683e-17,1.8899813817380905e-21,4.347391610768566e-11,0.00022960775351105824,0.0,0.8
74,11.0,8.0,20.0,3.4450729153118676e-09,1.186972875532206e-17,1.2013635066497728e-21,3.466069108730772e-11,0.00013288844254655626,0.0,0.8
0,3.0,4.0,12.0,6.8230123080118744e-09,4.66278416753456e-17,7.434472006407427e-20,2.726622820708326e-10,0.060547356842926225,3.530907698888168e-12,1.0
1,3.0,4.0,16.0,5.543045631003116e-09,3.076526503176811e-17,3.991016438538132e-20,1.9977528472106184e-10,0.04750017923082708,1.2448055952349715e-12,1.0
2,3.0,4.0,20.0,4.6097870207173716e-09,2.1273538497712064e-17,2.3402121337723387e-20,1.529775190599043e-10,0.03849569825310569,4.772870530686584e-13,1.0
3,5.0,4.0,12.0,8.095498112827163e-09,6.564193984159639e-17,1.0485014680822844e-19,3.238057238657594e-10,0.06067023312361111,4.217657460993342e-12,1.0
4,5.0,4.0,16.0,6.490884314974763e-09,4.218547724338583e-17,5.389805300043379e-20,2.3215954212660264e-10,0.046616181657198906,1.3628995485448343e-12,1.0
5,5.0,4.0,20.0,5.347451978967491e-09,2.862566162036559e-17,3.0418953002256695e-20,1.744103007343795e-10,0.0367629429896986,4.641827786338237e-13,1.0
6,7.0,4.0,12.0,7.789922230867076e-09,6.075902534278129e-17,7.613697982421787e-20,2.7592930222109046e-10,0.04550547567262261,1.4995957247803952e-12,1.0
7,7.0,4.0,16.0,6.277413481383921e-09,3.944583003082637e-17,3.9910014565774856e-20,1.9977490975038597e-10,0.03439725533778406,4.2062161382358e-13,1.0
8,7.0,4.0,20.0,5.195426021825568e-09,2.7015384418933736e-17,2.293287067149096e-20,1.5143602831390871e-10,0.02678734782319973,1.2555040468838586e-13,1.0
9,9.0,4.0,12.0,7.0209897664600295e-09,4.933795750020526e-17,4.366019946880189e-20,2.0895023203816236e-10,0.02847184364306114,2.1908769496546028e-13,1.0
10,9.0,4.0,16.0,5.728146304522465e-09,3.2835421176171007e-17,2.3761090156639097e-20,1.541463270942227e-10,0.020970086717793303,4.736803300805095e-14,1.0
11,9.0,4.0,20.0,4.779669168334881e-09,2.2859289580279084e-17,1.405222154803162e-20,1.185420665756744e-10,0.016027191688052455,1.1156953254266666e-14,1.0
12,11.0,4.0,12.0,6.15991024656221e-09,3.796636834139609e-17,2.18740956939849e-20,1.4789893743358978e-10,0.014323524005926033,8.24031001943438e-15,1.0
13,11.0,4.0,16.0,5.0893536856124766e-09,2.5914003169598068e-17,1.2482232340769634e-20,1.1172391123107728e-10,0.010317581446131763,1.216934475267694e-15,1.0
14,11.0,4.0,20.0,4.2954031014081146e-09,1.8458169080283762e-17,7.68127669731241e-21,8.764289302226627e-11,0.007733369305430792,2.0023235962562959e-16,1.0
15,3.0,5.0,12.0,6.161075773186924e-09,3.80044708828852e-17,4.561619993434728e-20,2.1357949324396124e-10,0.04310232762843895,9.732485349890986e-13,1.0
16,3.0,5.0,16.0,5.043415351692573e-09,2.5461327302695706e-17,2.5288893007387214e-20,1.5902481884091935e-10,0.033533044615152115,3.056568197037351e-13,1.0
17,3.0,5.0,20.0,4.223288582573559e-09,1.7851179299204377e-17,1.5012847508198214e-20,1.225269256457462e-10,0.026419258164435678,9.624665359425573e-14,1.0
18,5.0,5.0,12.0,7.324093480404232e-09,5.370822659768565e-17,6.588128798587364e-20,2.5667350464329904e-10,0.04430435347647493,1.2794762645061381e-12,1.0
19,5.0,5.0,16.0,5.933519899065208e-09,3.524174594705149e-17,3.5087554448695623e-20,1.873167222879357e-10,0.03364483848495722,3.6437079670501625e-13,1.0
20,5.0,5.0,20.0,4.9203314459848655e-09,2.4229926948575413e-17,2.0265410227897547e-20,1.4235663043180513e-10,0.026203516525508466,1.0829097934258835e-13,1.0
21,7.0,5.0,12.0,7.146930866257865e-09,5.113052869751591e-17,5.1907890446511567e-20,2.2783303194776558e-10,0.03455729695971708,4.87696014723788e-13,1.0
22,7.0,5.0,16.0,5.8118828800885054e-09,3.380594218645468e-17,2.7959574588817635e-20,1.6721116765580473e-10,0.025768644455928264,1.1909942607358086e-13,1.0
23,7.0,5.0,20.0,4.835044806701121e-09,2.3393916022639225e-17,1.6257739831745366e-20,1.27505842343578e-10,0.019653434567504038,2.97201210320869e-14,1.0
24,9.0,5.0,12.0,6.557525547298945e-09,4.3033689233127755e-17,3.2547929649426155e-20,1.804104477280242e-10,0.022479822602591987,7.408918860671691e-14,1.0
25,9.0,5.0,16.0,5.381645802863992e-09,2.8980167868280255e-17,1.805632079663327e-20,1.3437380993569122e-10,0.01639897450742685,1.4044669416909247e-14,1.0
26,9.0,5.0,20.0,4.507701137799721e-09,2.033007803678288e-17,1.0708489061983598e-20,1.0348182962232355e-10,0.012194077961217286,2.6384113580388046e-15,1.0
27,11.0,5.0,12.0,5.841225209105391e-09,3.4137723728288306e-17,1.7811784799984132e-20,1.3346079873874625e-10,0.011983787204299453,3.1202307943601633e-15,1.0
28,11.0,5.0,16.0,4.849290760316121e-09,2.352588860108295e-17,1.0267722995644741e-20,1.0132977349054295e-10,0.008512529362220345,3.946570850367009e-16,1.0
29,11.0,5.0,20.0,4.1005109111052565e-09,1.6820502300595063e-17,6.312568501803458e-21,7.945167400252469e-11,0.006233715623364167,5.215528156422247e-17,1.0
30,3.0,6.0,12.0,5.5386690381853714e-09,3.07043661554766e-17,2.7511440923329065e-20,1.6586573161243725e-10,0.028990438673828715,1.8625611558066025e-13,1.0
31,3.0,6.0,16.0,4.577131217469562e-09,2.0965697365091165e-17,1.5567183156767467e-20,1.247685182919452e-10,0.021840200505520733,4.546217765883714e-14,1.0
32,3.0,6.0,20.0,3.8588592905585496e-09,1.490032251779298e-17,9.527493462947999e-21,9.760888004145934e-11,0.01713253799083165,1.2435998958378581e-14,1.0
33,5.0,6.0,12.0,6.594510540700535e-09,4.352810592332772e-17,4.0536651917252894e-20,2.013371598022901e-10,0.030639533743849087,2.7822683657457756e-13,1.0
34,5.0,6.0,16.0,5.399353162915834e-09,2.9175503380203235e-17,2.248880231401368e-20,1.4996266973488328e-10,0.023150768811994037,6.94868795914048e-14,1.0
35,5.0,6.0,20.0,4.511663069079352e-09,2.0368387654367275e-17,1.3284005472757842e-20,1.1525626001548828e-10,0.017708375196000065,1.7023843969485556e-14,1.0
36,7.0,6.0,12.0,6.517147438204969e-09,4.2507394693406485e-17,3.418396210489194e-20,1.848890535020717e-10,0.024702463304447912,1.1135229465638309e-13,1.0
37,7.0,6.0,16.0,5.34472932793487e-09,2.858506923097354e-17,1.8937642086413932e-20,1.3761410569565146e-10,0.018175181018220972,2.2810152714399987e-14,1.0
38,7.0,6.0,20.0,4.478976198075446e-09,2.0072486720043828e-17,1.1258937117452927e-20,1.0610813878988231e-10,0.013660280774743067,4.713783881072348e-15,1.0
39,9.0,6.0,12.0,6.0711383060283985e-09,3.6881965630465455e-17,2.3245299540081067e-20,1.52464092625382e-10,0.016721482944453876,1.740916534901935e-14,1.0
40,9.0,6.0,16.0,5.013437787242249e-09,2.5147726877337693e-17,1.3168430789233037e-20,1.1475378333298226e-10,0.01206328221313665,2.7728729156528036e-15,1.0
41,9.0,6.0,20.0,4.21957079445652e-09,1.7812668976907362e-17,7.891287476938693e-21,8.883291888111463e-11,0.008769138549043124,4.069591972121611e-16,1.0
42,11.0,6.0,12.0,5.488571890451442e-09,3.0138244294815583e-17,1.3822898161870685e-20,1.1757082189842293e-10,0.009387585825228131,7.779211400483251e-16,1.0
43,11.0,6.0,16.0,4.577992883930713e-09,2.0966073801219928e-17,8.05495589968134e-21,8.974940612439361e-11,0.006551937148160638,7.906050011107054e-17,1.0
44,11.0,6.0,20.0,3.882900108436515e-09,1.5081878652552617e-17,4.965400456320436e-21,7.046559767943813e-11,0.004672954505172295,7.841453464249797e-18,1.0
45,3.0,7.0,12.0,4.993803781025992e-09,2.4954782677081492e-17,1.6706473691995697e-20,1.2925352487261497e-10,0.018491439603003743,2.3114427676679612e-14,1.0
46,3.0,7.0,16.0,4.1573363996745575e-09,1.729319656578512e-17,9.750625726107337e-21,9.874525672713266e-11,0.013787335425037087,4.5861839342162635e-15,1.0
47,3.0,7.0,20.0,3.525451566942111e-09,1.2434807574799557e-17,5.9988239449693774e-21,7.745207514953603e-11,0.010347935202192963,8.56637636733173e-16,1.0
48,5.0,7.0,12.0,5.946869115524835e-09,3.5390605782993816e-17,2.5353505810684957e-20,1.5922784244812513e-10,0.020636487345206057,4.572123445750217e-14,1.0
49,5.0,7.0,16.0,4.903303151011815e-09,2.4056594729231216e-17,1.421293850882486e-20,1.1921802929433477e-10,0.014967485043001995,8.172055614506985e-15,1.0
50,5.0,7.0,20.0,4.129330625358906e-09,1.7059986462876093e-17,8.615049349115708e-21,9.281729014098456e-11,0.011279616416630103,1.5993902914176936e-15,1.0
51,7.0,7.0,12.0,5.930027467345779e-09,3.518768294512695e-17,2.245718165155134e-20,1.4985720420303903e-10,0.01707839750186768,1.8822953273242785e-14,1.0
52,7.0,7.0,16.0,4.898068010768284e-09,2.400367437015932e-17,1.2604132047747984e-20,1.1226812569802697e-10,0.012124603855543741,2.7822155463260926e-15,1.0
53,7.0,7.0,20.0,4.127309205355457e-09,1.7042240254033986e-17,7.558977422088922e-21,8.694237989662419e-11,0.008789851423618626,4.034451038496749e-16,1.0
54,9.0,7.0,12.0,5.586426225395725e-09,3.1224307695200944e-17,1.6149723411815504e-20,1.270815620450721e-10,0.011792064943244307,2.7406099339657523e-15,1.0
55,9.0,7.0,16.0,4.64378727124307e-09,2.1574078235441668e-17,9.318014882507411e-21,9.652986523614031e-11,0.00833663549598373,3.3516001868975475e-16,1.0
56,9.0,7.0,20.0,3.931802581080916e-09,1.5464767256387723e-17,5.695719793169378e-21,7.546999266708178e-11,0.005987439830552398,3.893942296151446e-17,1.0
57,11.0,7.0,12.0,5.119227319540696e-09,2.6216819416912288e-17,1.0331067780469084e-20,1.0164186037489221e-10,0.006910643701303379,1.2217620004514615e-16,1.0
58,11.0,7.0,16.0,4.29406162210395e-09,1.8445099661461816e-17,6.134447035809124e-21,7.832271085585026e-11,0.004781177370006695,1.008125726184855e-17,1.0
59,11.0,7.0,20.0,3.6587591706670832e-09,1.3390332541154198e-17,3.81387221371545e-21,6.175655603833046e-11,0.003327136391677475,7.22722733515321e-19,1.0
60,3.0,8.0,12.0,4.508232657198218e-09,2.033450179270734e-17,1.0340101278834437e-20,1.0168628854882273e-10,0.01142636357639467,1.870950142396879e-15,1.0
61,3.0,8.0,16.0,3.786051716793548e-09,1.4340269395183052e-17,6.081792947679589e-21,7.798585094540926e-11,0.008036454349721443,2.209581891246773e-16,1.0
62,3.0,8.0,20.0,3.2371548611324804e-09,1.0483107050281261e-17,3.935455327612012e-21,6.273320753486156e-11,0.00623794160695028,4.134681535541837e-17,1.0
63,5.0,8.0,12.0,5.360153258293877e-09,2.8747041168598e-17,1.5798216199534306e-20,1.2569095512221358e-10,0.013169663142175972,4.678496257874274e-15,1.0
64,5.0,8.0,16.0,4.462156610376735e-09,1.9920044062928946e-17,9.202447400151765e-21,9.592938757310902e-11,0.009520282314198962,6.840838359162563e-16,1.0
65,5.0,8.0,20.0,3.7855079056039016e-09,1.433570770796264e-17,5.637604573002797e-21,7.508398346520247e-11,0.006881122325526723,8.804138996990081e-17,1.0
66,7.0,8.0,12.0,5.379631836894254e-09,2.895491056865878e-17,1.4471868132535816e-20,1.2029907785405428e-10,0.011064165300447598,1.878934662838593e-15,1.0
67,7.0,8.0,16.0,4.484114635091994e-09,2.01156437556991e-17,8.359695052891948e-21,9.143136799201873e-11,0.0077120482555646545,2.0566652175187866e-16,1.0
68,7.0,8.0,20.0,3.801431423446779e-09,1.445602578851568e-17,5.144921347074558e-21,7.172810709250982e-11,0.005558368299504375,2.3584792979222947e-17,1.0
69,9.0,8.0,12.0,5.121465916428335e-09,2.6240501025376724e-17,1.1087892239598503e-20,1.0529906096256747e-10,0.007976913390418297,2.86226515528988e-16,1.0
70,9.0,8.0,16.0,4.289014337415965e-09,1.8402146393372736e-17,6.502406813026316e-21,8.063750252225273e-11,0.005471424997129882,2.4073245214219592e-17,1.0
71,9.0,8.0,20.0,3.648475195751403e-09,1.3315361330113102e-17,3.990076099864242e-21,6.316704916223523e-11,0.0037574599599022934,1.68946600073486e-18,1.0
72,11.0,8.0,12.0,4.749866439380441e-09,2.2568777041423536e-17,7.545849470907172e-21,8.686684909047393e-11,0.004838739101447141,1.2061007574027377e-17,1.0
73,11.0,8.0,16.0,4.00375337738204e-09,1.603453939471435e-17,4.4982878162599445e-21,6.706927624672824e-11,0.003206708068656051,6.082381778147884e-19,1.0
74,11.0,8.0,20.0,3.4313699485644635e-09,1.177716404536031e-17,2.8643214490206796e-21,5.351935583525534e-11,0.002236877794711011,3.602515923247501e-20,1.0
0,3.0,4.0,12.0,6.739827535193654e-09,4.5568832902868806e-17,1.43557698714242e-19,3.788900879070895e-10,0.1178202038183091,2.582023876040105e-11,1.2
1,3.0,4.0,16.0,5.481974931834951e-09,3.012963344268103e-17,7.75842894142155e-20,2.7853956525817923e-10,0.09863431855404414,1.2773196821692582e-11,1.2
2,3.0,4.0,20.0,4.562954336708728e-09,2.0866269879684433e-17,4.5717600795441454e-20,2.138167458255818e-10,0.08459698900013,6.7784983388219535e-12,1.2
3,5.0,4.0,12.0,7.996712152405154e-09,6.414985567757424e-17,2.0245042914998215e-19,4.499449179066057e-10,0.11799554489326938,3.0759969787409045e-11,1.2
4,5.0,4.0,16.0,6.4199039434386575e-09,4.131999232133652e-17,1.0482567835729248e-19,3.237679390509389e-10,0.09728872915399882,1.4379757053400174e-11,1.2
5,5.0,4.0,20.0,5.294042437706812e-09,2.80863694116116e-17,5.948407937091379e-20,2.438935820617545e-10,0.08180241152192906,7.107572992159444e-12,1.2
6,7.0,4.0,12.0,7.705544851004546e-09,5.952358743792476e-17,1.4816598708208697e-19,3.8492335221714853e-10,0.0955887065778622,1.6403304282407717e-11,1.2
7,7.0,4.0,16.0,6.216212082459973e-09,3.8719443553277496e-17,7.815089915613965e-20,2.7955482316737026e-10,0.07793089106844499,7.198534235938291e-12,1.2
8,7.0,4.0,20.0,5.14897077138628e-09,2.6557016282610297e-17,4.511627802007436e-20,2.1240592745983893e-10,0.06496451375783845,3.3567521940576624e-12,1.2
9,9.0,4.0,12.0,6.956910905756198e-09,4.848441113400214e-17,8.580178337261911e-20,2.929194144685857e-10,0.06791015894862082,5.232191954336e-12,1.2
10,9.0,4.0,16.0,5.680806637117107e-09,3.231849309617362e-17,4.6929047859845044e-20,2.1663113317306227e-10,0.05438356453947139,2.0474863767063162e-12,1.2
11,9.0,4.0,20.0,4.743225622073727e-09,2.2526046094228308e-17,2.785679233161237e-20,1.669035419984021e-10,0.04475891424566997,8.599666732411784e-13,1.2
12,11.0,4.0,12.0,6.11442361753339e-09,3.74295994561836e-17,4.342328153349972e-20,2.0838253653677345e-10,0.04126360265493408,8.220446200389419e-13,1.2
13,11.0,4.0,16.0,5.0549577808356325e-09,2.557746763202593e-17,2.4869465995228565e-20,1.577005580054445e-10,0.03255734786938617,2.72406057289598e-13,1.2
14,11.0,4.0,20.0,4.26840032127605e-09,1.8234587578690708e-17,1.5346276021222126e-20,1.2388008726676828e-10,0.02644738026330405,9.771503919645449e-14,1.2
15,3.0,5.0,12.0,6.095739452369278e-09,3.7246926218818837e-17,8.888674764753616e-20,2.981388060074303e-10,0.09187334244573504,1.1562594554819731e-11,1.2
16,3.0,5.0,16.0,4.994690603281928e-09,2.4996479574793145e-17,4.954535228035796e-20,2.2258785294880302e-10,0.07649941264895836,5.462936497874423e-12,1.2
17,3.0,5.0,20.0,4.185699068335767e-09,1.754961875452267e-17,2.954206385575963e-20,1.718780493715228e-10,0.06431441755766375,2.641030742769298e-12,1.2
18,5.0,5.0,12.0,7.245589365373132e-09,5.262685627278282e-17,1.2829102117459449e-19,3.5817735994140457e-10,0.09373821995518035,1.4573670679407808e-11,1.2
19,5.0,5.0,16.0,5.8761276951722895e-09,3.4597614786622094e-17,6.873809665129069e-20,2.6217951226457547e-10,0.07668512599993031,6.475304478842602e-12,1.2
20,5.0,5.0,20.0,4.8766567107924415e-09,2.3821664218502517e-17,3.988354358556076e-20,1.9970864674710698e-10,0.06393227783957373,3.017845061047004e-12,1.2
21,7.0,5.0,12.0,7.077135716805205e-09,5.0187485296176944e-17,1.0163534209701895e-19,3.188029831996855e-10,0.07819494765745358,8.281061922439874e-12,1.2
22,7.0,5.0,16.0,5.7605786597052125e-09,3.32393081644558e-17,5.504166980470018e-20,2.346096114925818e-10,0.06315945845592147,3.426010090333499e-12,1.2
23,7.0,5.0,20.0,4.79587612762696e-09,2.3032567884367405e-17,3.2140052825235943e-20,1.7927647036138328e-10,0.051885479654403724,1.4697471552649663e-12,1.2
24,9.0,5.0,12.0,6.502136592387249e-09,4.234199588465302e-17,6.421561859175035e-20,2.534080081444751e-10,0.057197171300345906,2.7817304035589954e-12,1.2
25,9.0,5.0,16.0,5.3403385221417636e-09,2.855499938394886e-17,3.578385287758557e-20,1.8916620437484484e-10,0.04550810441053806,1.0282543161510971e-12,1.2
26,9.0,5.0,20.0,4.475858481289054e-09,2.0054606686672053e-17,2.1297542144895885e-20,1.4593677447749722e-10,0.0367319137217812,3.8726214502370596e-13,1.2
27,11.0,5.0,12.0,5.800155442710875e-09,3.3677234878651516e-17,3.543171904292575e-20,1.8823315075439224e-10,0.036273242012969914,4.780712889534049e-13,1.2
28,11.0,5.0,16.0,4.818078603064922e-09,2.3234377163368188e-17,2.0495738056159946e-20,1.431633265056381e-10,0.0283413253951383,1.4750177812956006e-13,1.2
29,11.0,5.0,20.0,4.0760194923479135e-09,1.662656979167034e-17,1.263488967019661e-20,1.1240502511096472e-10,0.022645891574501406,4.7582454155264276e-14,1.2
30,3.0,6.0,12.0,5.487807677918119e-09,3.017008154397968e-17,5.4048434162625723e-20,2.3248319113997408e-10,0.06880768485664081,4.30412294131503e-12,1.2
31,3.0,6.0,16.0,4.538820402633909e-09,2.0631617620900354e-17,3.072697353451326e-20,1.7529111082571547e-10,0.05601148002574172,1.8089378813826116e-12,1.2
32,3.0,6.0,20.0,3.82885862036968e-09,1.4679029000807775e-17,1.8870666028564626e-20,1.3737054279780883e-10,0.04697311954152743,8.262337401252588e-13,1.2
33,5.0,6.0,12.0,6.532790303075261e-09,4.275690568990862e-17,7.955654595445532e-20,2.8205769969007284e-10,0.07163421255537433,5.8209916194543e-12,1.2
34,5.0,6.0,16.0,5.3533182104895705e-09,2.8702364897533115e-17,4.4349034773859016e-20,2.105921052030655e-10,0.05843133983453643,2.4606359056820954e-12,1.2
35,5.0,6.0,20.0,4.4762428041249945e-09,2.0063049009549073e-17,2.629936806827742e-20,1.621707990615987e-10,0.04811137284798524,1.0520588393751484e-12,1.2
36,7.0,6.0,12.0,6.460407836650821e-09,4.180421168867303e-17,6.73422728136904e-20,2.5950389749229277e-10,0.061249951963185854,3.4733543095902997e-12,1.2
37,7.0,6.0,16.0,5.302442343736144e-09,2.8153373837606586e-17,3.747902896053775e-20,1.9359501274706887e-10,0.049026841398745025,1.3323403405442126e-12,1.2
38,7.0,6.0,20.0,4.446337246816004e-09,1.9792278175485862e-17,2.236326306254185e-20,1.4954351561516083e-10,0.03987298511588235,5.258091890339022e-13,1.2
39,9.0,6.0,12.0,6.024273323395031e-09,3.633792471071985e-17,4.605563575083406e-20,2.146057682142632e-10,0.04615431347400873,1.2204599848099002e-12,1.2
40,9.0,6.0,16.0,4.978125431740616e-09,2.480792592986368e-17,2.6193115720982376e-20,1.6184287355636755e-10,0.03644688530956483,4.179632867758504e-13,1.2
41,9.0,6.0,20.0,4.192210099077595e-09,1.759037318049578e-17,1.5747665687601892e-20,1.2548970351228778e-10,0.0289545550935821,1.4025701764344196e-13,1.2
42,11.0,6.0,12.0,5.45236644017519e-09,2.9755866389466504e-17,2.7566591517827393e-20,1.6603189909721382e-10,0.030412772390540344,2.2318590081706097e-13,1.2
43,11.0,6.0,16.0,4.5503302319325974e-09,2.072162100440252e-17,1.6115784762755726e-20,1.269479608452051e-10,0.023471841278063885,6.221926906427086e-14,1.2
44,11.0,6.0,20.0,3.861165632279816e-09,1.4918560355453863e-17,9.960315555073555e-21,9.980138052689229e-11,0.01840859988135643,1.749893846522732e-14,1.2
45,3.0,7.0,12.0,4.954088564865666e-09,2.4576049028082815e-17,3.3055519550062096e-20,1.8181176955868973e-10,0.04964349099923554,1.300920381246673e-12,1.2
46,3.0,7.0,16.0,4.126963206754186e-09,1.7051190548406884e-17,1.9365238504087652e-20,1.3915904032468625e-10,0.04014076536624178,5.004715587417349e-13,1.2
47,3.0,7.0,20.0,3.5016069671496463e-09,1.2273202985942108e-17,1.1951633551163175e-20,1.0932352697916024e-10,0.03262643430914519,1.9030197767346835e-13,1.2
48,5.0,7.0,12.0,5.897965569246304e-09,3.483608387052766e-17,5.0086014512778964e-20,2.2379904940097258e-10,0.053754681865718724,2.0426043369931833e-12,1.2
49,5.0,7.0,16.0,4.8666429215953e-09,2.3712412956449974e-17,2.8199630136331866e-20,1.679274549808097e-10,0.04259727221946845,7.361299144545272e-13,1.2
50,5.0,7.0,20.0,4.1007628173303945e-09,1.683340424168081e-17,1.7148557681295132e-20,1.309525016228981e-10,0.03472114700767895,2.850705763296583e-13,1.2
51,7.0,7.0,12.0,5.8839674177696415e-09,3.4665554342361216e-17,4.448176898647152e-20,2.109070150243266e-10,0.046865577479613264,1.259327967618156e-12,1.2
52,7.0,7.0,16.0,4.8635210896140585e-09,2.3678906662034488e-17,2.5069272913769958e-20,1.583327916565926e-10,0.03658062029950433,4.141575578402592e-13,1.2
53,7.0,7.0,20.0,4.100530964776422e-09,1.6829438372099872e-17,1.5084179009617898e-20,1.2281766570659896e-10,0.029003838166931167,1.3815755097765692e-13,1.2
54,9.0,7.0,12.0,5.547317605981918e-09,3.080486379847652e-17,3.213117683956262e-20,1.7925171363075619e-10,0.03585316729454707,4.370471105267318e-13,1.2
55,9.0,7.0,16.0,4.614052014986111e-09,2.1308079595246445e-17,1.8603598249058795e-20,1.363950081530068e-10,0.02791806659079767,1.3266580371420547e-13,1.2
56,9.0,7.0,20.0,3.908536470401033e-09,1.5288061269647818e-17,1.1403929192850642e-20,1.0678918106648557e-10,0.02199869735597731,4.009878793117282e-14,1.2
57,11.0,7.0,12.0,5.087903012139689e-09,2.590741750150988e-17,2.0660440569761858e-20,1.43737401429697e-10,0.02438976959915757,8.226035232523193e-14,1.2
58,11.0,7.0,16.0,4.269904778091182e-09,1.8244390143496708e-17,1.2303329530799304e-20,1.1092037473250487e-10,0.018713870706656505,2.0902795371191932e-14,1.2
59,11.0,7.0,20.0,3.639699123418629e-09,1.3255077538616939e-17,7.667829602601476e-21,8.756614415743951e-11,0.014425853857561295,5.04620602479796e-15,1.2
60,3.0,8.0,12.0,4.476936308706957e-09,2.006353819708049e-17,2.0579484861819032e-20,1.43455515271526e-10,0.03504671681380039,3.2280093776400217e-13,1.2
61,3.0,8.0,16.0,3.762026567026694e-09,1.4164990386529327e-17,1.2146495514672231e-20,1.1021114061052191e-10,0.02719003973829696,9.681957403417484e-14,1.2
62,3.0,8.0,20.0,3.217817031462634e-09,1.0362223395505486e-17,7.876947534486903e-21,8.87521691818679e-11,0.02265693504807052,3.76453382054815e-14,1.2
63,5.0,8.0,12.0,5.321485999034791e-09,2.83496061030179e-17,3.1392865094594757e-20,1.7718031802261433e-10,0.03883256795124724,5.695034838657757e-13,1.2
64,5.0,8.0,16.0,4.4326166774772245e-09,1.9666440251105573e-17,1.8349641656343468e-20,1.354608491644116e-10,0.03072219371179065,1.8907466445107563e-13,1.2
65,5.0,8.0,20.0,3.762368057064627e-09,1.4166688089785187e-17,1.1274692964930239e-20,1.0618235712645598e-10,0.02431472712321577,6.002012549556776e-14,1.2
66,7.0,8.0,12.0,5.3426034212579615e-09,2.8572223980832357e-17,2.881266399508127e-20,1.6974293503731243e-10,0.034241060702296024,3.516326354912283e-13,1.2
67,7.0,8.0,16.0,4.45594443427066e-09,1.9872142887417774e-17,1.6702086110099536e-20,1.2923655098345643e-10,0.02639483958880238,1.011508139044715e-13,1.2
68,7.0,8.0,20.0,3.7793153403239935e-09,1.4293531566982002e-17,1.0307125373739458e-20,1.0152401377870882e-10,0.02085327441922462,3.047042500354927e-14,1.2
69,9.0,8.0,12.0,5.089025765058288e-09,2.5920329356368982e-17,2.2146118941888057e-20,1.488157214204469e-10,0.027044758156745553,1.280475566562095e-13,1.2
70,9.0,8.0,16.0,4.264150376057438e-09,1.8196006663627635e-17,1.3028233996849057e-20,1.1414128962320803e-10,0.020618250726958696,3.265228017608209e-14,1.2
71,9.0,8.0,20.0,3.6289839513510846e-09,1.317754036202544e-17,8.01584286170891e-21,8.953123958545928e-11,0.015741084102443768,7.756529773794744e-15,1.2
72,11.0,8.0,12.0,4.723074987154524e-09,2.2322570078266127e-17,1.5132743981420985e-20,1.230152184951967e-10,0.0188754590003634,2.4069059203197428e-14,1.2
73,11.0,8.0,16.0,3.983052369061806e-09,1.5873752099279696e-17,9.045924590832012e-21,9.511006566516508e-11,0.0140494751918111,4.833851202971665e-15,1.2
74,11.0,8.0,20.0,3.4148418595352885e-09,1.1666916960711425e-17,5.772035076997702e-21,7.597391050220926e-11,0.010854075997421489,1.0756304462890802e-15,1.2
0,3.0,4.0,12.0,6.645333842395267e-09,4.440569135699072e-17,2.4522948010687807e-19,4.952065024884852e-10,0.18006276362046658,7.649775630657036e-11,1.4
1,3.0,4.0,16.0,5.412338565245772e-09,2.942692386208594e-17,1.335151172392787e-19,3.6539720475022615e-10,0.15689831104994567,4.409286809175541e-11,1.4
2,3.0,4.0,20.0,4.509404844138312e-09,2.0413837991160393e-17,7.910594282231849e-20,2.812577871318739e-10,0.13934330938145004,2.7047354055728858e-11,1.4
3,5.0,4.0,12.0,7.884500198531386e-09,6.251115180813539e-17,3.4580842749392664e-19,5.880547827319549e-10,0.18027063199247972,9.102219151394774e-11,1.4
4,5.0,4.0,16.0,6.338946537103525e-09,4.036273200121351e-17,1.804888009567433e-19,4.248397356141999e-10,0.15523976135155604,5.026149353293578e-11,1.4
5,5.0,4.0,20.0,5.232938973343671e-09,2.7486689476627532e-17,1.0303917788841568e-19,3.2099716180741486e-10,0.13577650564307628,2.9322092559120005e-11,1.4
6,7.0,4.0,12.0,7.609275109277906e-09,5.815634769605077e-17,2.552800073744715e-19,5.052524194642431e-10,0.153137365701704,5.826743603287743e-11,1.4
7,7.0,4.0,16.0,6.146140349711447e-09,3.7910622037500886e-17,1.3558083914973561e-19,3.6821303500790897e-10,0.13079141180353873,3.11947714568273e-11,1.4
8,7.0,4.0,20.0,5.095643329241554e-09,2.6044259238074618e-17,7.867829923067328e-20,2.804965226712682e-10,0.11368174922645216,1.769736345786702e-11,1.4
9,9.0,4.0,12.0,6.88339681575406e-09,4.753060278163661e-17,1.4945105850347308e-19,3.8658900463343896e-10,0.11762930913699511,2.6253737660382394e-11,1.4
10,9.0,4.0,16.0,5.626344720153884e-09,3.1737954449882816e-17,8.219953987932279e-20,2.867046213079287e-10,0.09915895988876101,1.3310377244691901e-11,1.4
11,9.0,4.0,20.0,4.701212185707839e-09,2.2150393185255704e-17,4.8997170207824616e-20,2.213530442705151e-10,0.08539404905939241,7.18273803371764e-12,1.4
12,11.0,4.0,12.0,6.061944117996235e-09,3.682366387262047e-17,7.649738291131872e-20,2.7658160262627506e-10,0.08023599420656467,7.674477453778575e-12,1.4
13,11.0,4.0,16.0,5.015193411839616e-09,2.519615750663562e-17,4.399254847613329e-20,2.0974400700886136e-10,0.06693014306930753,3.5999826365088386e-12,1.4
14,11.0,4.0,20.0,4.237135139635859e-09,1.798054571747625e-17,2.7231525939258196e-20,1.6501977438858107e-10,0.057106338854526026,1.8030300216970243e-12,1.4
15,3.0,5.0,12.0,6.021139847370712e-09,3.6407491719277635e-17,1.5336665768223518e-19,3.9162055319177923e-10,0.14851466238733507,4.2615619632447435e-11,1.4
16,3.0,5.0,16.0,4.938887906678359e-09,2.4478616713355885e-17,8.600295862214495e-20,2.932626103378079e-10,0.1289347523294686,2.4131164167148543e-11,1.4
17,3.0,5.0,20.0,4.142543154886059e-09,1.7212195869428018e-17,5.153207933467182e-20,2.270067825741597e-10,0.1128053084945937,1.4083201614363022e-11,1.4
18,5.0,5.0,12.0,7.155988010570089e-09,5.1429359725935444e-17,2.2119531851257543e-19,4.703140636984773e-10,0.15083984085961863,5.271311655559722e-11,1.4
19,5.0,5.0,16.0,5.810400912595075e-09,3.38800685341848e-17,1.1930976909912223e-19,3.4541246228114327e-10,0.12917604801087876,2.853121819512872e-11,1.4
20,5.0,5.0,20.0,4.826510535691619e-09,2.3364786183137832e-17,6.958223199563631e-20,2.637844422926347e-10,0.1122892140050589,1.620178739480154e-11,1.4
21,7.0,5.0,12.0,6.9972288896379745e-09,4.9137516780233615e-17,1.7630464624933265e-19,4.198864682855744e-10,0.13113309058633593,3.576147750571328e-11,1.4
22,7.0,5.0,16.0,5.7016631894979095e-09,3.260502112734476e-17,9.605800086928418e-20,3.099322520637118e-10,0.11124341910224811,1.8649938891208823e-11,1.4
23,7.0,5.0,20.0,4.7507906754408464e-09,2.2626367507567735e-17,5.635546571204222e-20,2.373930616341645e-10,0.09564241034369825,1.0129769859797564e-11,1.4
24,9.0,5.0,12.0,6.438451954046027e-09,4.1566008672423043e-17,1.1234510786394077e-19,3.3517921752987725e-10,0.10307715802478659,1.7008690310762106e-11,1.4
25,9.0,5.0,16.0,5.292725847965079e-09,2.8075865988820594e-17,6.29190871029318e-20,2.508367738249952e-10,0.08648768983997013,8.399465838323068e-12,1.4
26,9.0,5.0,20.0,4.4390823431468804e-09,1.9743050264162795e-17,3.7598214924397036e-20,1.939025913297629e-10,0.07339908453028304,4.269415273406915e-12,1.4
27,11.0,5.0,12.0,5.752717528058142e-09,3.315632294247465e-17,6.25639848472645e-20,2.501279369587981e-10,0.07269679891861176,5.368733929903516e-12,1.4
28,11.0,5.0,16.0,4.781957181812885e-09,2.2903447447505552e-17,3.633295881372431e-20,1.906120636626242e-10,0.06020208923574585,2.428155678644376e-12,1.4
29,11.0,5.0,20.0,4.0476331997907645e-09,1.6405801537590514e-17,2.2467017542091392e-20,1.4989001815361619e-10,0.05073268271809035,1.1469988027237525e-12,1.4
30,3.0,6.0,12.0,5.429467890950866e-09,2.957322999666553e-17,9.410841779908498e-20,3.067709533171043e-10,0.11882462510409787,2.128742044424571e-11,1.4
31,3.0,6.0,16.0,4.494760801761069e-09,2.025665818479876e-17,5.378351975095086e-20,2.319127416744299e-10,0.1014312928848804,1.134368021228236e-11,1.4
32,3.0,6.0,20.0,3.794289545680953e-09,1.4429792179601097e-17,3.315902313732495e-20,1.8209619199018126e-10,0.08861473106255514,6.4717149627884055e-12,1.4
33,5.0,6.0,12.0,6.462035363487927e-09,4.189626662754166e-17,1.383655885731205e-19,3.719752526353339e-10,0.12256705021092716,2.755954509713599e-11,1.4
34,5.0,6.0,16.0,5.300402136257167e-09,2.817181140704237e-17,7.754860100283366e-20,2.784754944386196e-10,0.10478233834535987,1.4666684444307223e-11,1.4
35,5.0,6.0,20.0,4.435438947526435e-09,1.9719308159876244e-17,4.6189502641830764e-20,2.1491743214972293e-10,0.09025713243816284,7.98637514634562e-12,1.4
36,7.0,6.0,12.0,6.395225046642019e-09,4.101652050001233e-17,1.1761710281491905e-19,3.42953499493618e-10,0.1086472935048698,1.9588563323086305e-11,1.4
37,7.0,6.0,16.0,5.253737720188379e-09,2.766755810201559e-17,6.579806948540718e-20,2.5651134377529424e-10,0.09157179373397475,9.869992250633264e-12,1.4
38,7.0,6.0,20.0,4.408668696988998e-09,1.947578144140966e-17,3.942176159898833e-20,1.9854914152166038e-10,0.07815685793064953,5.150941241431178e-12,1.4
39,9.0,6.0,12.0,5.970262237882821e-09,3.5724988099463056e-17,8.095691037345962e-20,2.845292785873883e-10,0.08742777172016321,9.784260414774722e-12,1.4
40,9.0,6.0,16.0,4.937339310127522e-09,2.4423566460810128e-17,4.624699747961634e-20,2.1505115084466843e-10,0.07296290403901315,4.6608579059267265e-12,1.4
41,9.0,6.0,20.0,4.1605508355102134e-09,1.7338090434154995e-17,2.790717929026131e-20,1.6705442014583543e-10,0.0611941883037972,2.2301456129907043e-12,1.4
42,11.0,6.0,12.0,5.410488105330666e-09,2.9322197317025543e-17,4.881577910092674e-20,2.209429317740822e-10,0.06353433370389056,3.280663946568084e-12,1.4
43,11.0,6.0,16.0,4.518275645712211e-09,2.0443458167628757e-17,2.86433569926569e-20,1.6924348434328838e-10,0.052137170354065614,1.4081293762548954e-12,1.4
44,11.0,6.0,20.0,3.835943994575176e-09,1.4732221861185056e-17,1.7755531667701857e-20,1.3324988430652335e-10,0.043327524006562104,6.176586795209165e-13,1.4
45,3.0,7.0,12.0,4.9083520845702424e-09,2.4149936837276438e-17,5.801665117139323e-20,2.4086645920798776e-10,0.09245425235849956,9.48349277469167e-12,1.4
46,3.0,7.0,16.0,4.091911698246031e-09,1.677787400775583e-17,3.413266151311276e-20,1.8475026796492817e-10,0.07855847262581994,4.8565935976617935e-12,1.4
47,3.0,7.0,20.0,3.4740411969473976e-09,1.2090103219749898e-17,2.114098166219086e-20,1.4539938673251295e-10,0.06703867519966793,2.506742568937165e-12,1.4
48,5.0,7.0,12.0,5.841697021542015e-09,3.4213176669428444e-17,8.775257793558989e-20,2.9623061613477746e-10,0.0982771175529567,1.3470419862141562e-11,1.4
49,5.0,7.0,16.0,4.824359401684265e-09,2.3324091939719685e-17,4.964830310032607e-20,2.2281899178554342e-10,0.08221523886518943,6.576397624995589e-12,1.4
50,5.0,7.0,20.0,4.0677533070924885e-09,1.6576919736843067e-17,3.030276948119156e-20,1.740769068003897e-10,0.07030522894378771,3.41633226580279e-12,1.4
51,7.0,7.0,12.0,5.8308922496673375e-09,3.407747028177056e-17,7.816585453993908e-20,2.7958157045831735e-10,0.0884591008699238,9.893857410015916e-12,1.4
52,7.0,7.0,16.0,4.823620298540383e-09,2.3311572700553116e-17,4.4259916062300106e-20,2.103804079811143e-10,0.0731676550537598,4.593642507450614e-12,1.4
53,7.0,7.0,20.0,4.069546048680082e-09,1.65879357486629e-17,2.673070633523005e-20,1.6349527924447863e-10,0.061273710201994035,2.1907428239691904e-12,1.4
54,9.0,7.0,12.0,5.502140478723516e-09,3.033029720569981e-17,5.674735809196716e-20,2.382170398858301e-10,0.072051846756844,4.993167584225878e-12,1.4
55,9.0,7.0,16.0,4.579636083567302e-09,2.10060526594383e-17,3.2986001526643486e-20,1.8162048762913144e-10,0.059514468767057814,2.238245027204758e-12,1.4
56,9.0,7.0,20.0,3.881565498937868e-09,1.5086836352595673e-17,2.0285630050893882e-20,1.4242763092495037e-10,0.049623898255373014,1.0178652037836954e-12,1.4
57,11.0,7.0,12.0,5.051614423494759e-09,2.5555510426801176e-17,3.6702143140889476e-20,1.9157803407721218e-10,0.053684783944769464,1.7416859262256828e-12,1.4
58,11.0,7.0,16.0,4.241874682598064e-09,1.8015428951775432e-17,2.192812890900242e-20,1.4808149414765649e-10,0.04387333171583673,7.150587122217714e-13,1.4
59,11.0,7.0,20.0,3.617553101012937e-09,1.3100394870418262e-17,1.3704431769944555e-20,1.170659291593611e-10,0.035995043176716396,2.894114160167662e-13,1.4
60,3.0,8.0,12.0,4.440776815095838e-09,1.9756858495335434e-17,3.6359773842695376e-20,1.9068238996481919e-10,0.07080886092245682,3.814826305285127e-12,1.4
61,3.0,8.0,16.0,3.734214386464989e-09,1.396590222314825e-17,2.1545139066157196e-20,1.467826252189175e-10,0.05832611236624039,1.7060821095444337e-12,1.4
62,3.0,8.0,20.0,3.195403972348122e-09,1.022461303307022e-17,1.4006486572064356e-20,1.1834900325758708e-10,0.05075153864174493,9.066757587344918e-13,1.4
63,5.0,8.0,12.0,5.27684958343948e-09,2.790050724502676e-17,5.536571878134724e-20,2.3529921117876117e-10,0.07659063373399139,5.792827874446343e-12,1.4
64,5.0,8.0,16.0,4.398450867528378e-09,1.9378859084540406e-17,3.2489050479265945e-20,1.8024719270841901e-10,0.06402756821329726,2.7351611121057576e-12,1.4
65,5.0,8.0,20.0,3.735560461488864e-09,1.3974441663027753e-17,2.0029701588860804e-20,1.4152632825329995e-10,0.05355877271415249,1.277572020124609e-12,1.4
66,7.0,8.0,12.0,5.299812970712123e-09,2.813894344396096e-17,5.092591943250472e-20,2.256677190749814e-10,0.06956061343123386,4.303212244962353e-12,1.4
67,7.0,8.0,16.0,4.423327107741872e-09,1.9595460902782522e-17,2.9638200698446404e-20,1.7215748806963468e-10,0.057019748882296495,1.8726457974830773e-12,1.4
68,7.0,8.0,20.0,3.753669232000837e-09,1.4108379474483272e-17,1.8346771213515165e-20,1.3545025364876643e-10,0.0476428375490025,8.520280662150644e-13,1.4
69,9.0,8.0,12.0,5.0514707375154445e-09,2.555664183108782e-17,3.92852191129934e-20,1.982049926540535e-10,0.05808810278490488,2.276467437085951e-12,1.4
70,9.0,8.0,16.0,4.235315852236833e-09,1.796109393640348e-17,2.3193568194869077e-20,1.5229434721902541e-10,0.04723327871989539,9.321801380499219e-13,1.4
71,9.0,8.0,20.0,3.6063466953593106e-09,1.3020050158565762e-17,1.4313671436740617e-20,1.1963975692361054e-10,0.03846325876121297,3.721982949413776e-13,1.4
72,11.0,8.0,12.0,4.691989353674223e-09,2.2041732397677772e-17,2.6968302685521184e-20,1.6422028707051143e-10,0.044161405281466656,8.100623726180929e-13,1.4
73,11.0,8.0,16.0,3.958996649183e-09,1.5689826152044078e-17,1.6171683801853792e-20,1.271679354312784e-10,0.035279178817690694,2.9292146207062083e-13,1.4
74,11.0,8.0,20.0,3.395613207024264e-09,1.15405324572605e-17,1.0343405542892413e-20,1.0170253459423916e-10,0.02900245331305194,1.1438446560237728e-13,1.4
