{
    "results.summaryFile": "dat/D3mm_FWHM6mm/summary__Ra226gn__dist4mm_shift6mm.dat",
    "results.yieldFile": "dat/D3mm_FWHM6mm/dYield_vs_energy__Ra226gn__dist4mm_shift6mm.dat",
    "results.jsonFile": "dat/D3mm_FWHM6mm/results__Ra226gn__dist4mm_shift6mm.json",
    "results.time.unit": "d",
    "target.g/cm3": 4.9,
    "target.g/mol": 297.0,
    "target.mass.mg": 398.6429292480906,
    "target.activity.Bq": 11100000000.0,
    "target.halflife": {
        value: 50457600000.0,
        unit: "s",
    },
    "product.halflife": {
        value: 1287360.0,
        unit: "s",
    },
    "decayed.halflife": {
        value: 855360.0,
        unit: "s",
    },
    "target.thick.type": "fluence-Bq",
    "target.thick.direct.mm": null,
    "target.area.type": "disk",
    "target.area.direct.cm2": null,
    "target.area.diameter.mm": 3.0,
    "integral.method": "simpson",
    "integral.EAxis.min": 0.0,
    "integral.EAxis.max": 50.0,
    "integral.EAxis.num": 501,
    "photon.filetype": "phits-out",
    "photon.filename": "phitsout/D3mm_FWHM6mm/fluence_energy__dist4mm_shift6mm.dat",
    "photon.bin2point.convert": "edge",
    "photon.fit.method": "linear",
    "photon.fit.p0": null,
    "photon.beam.current.sim": 100.0,
    "photon.beam.current.use": 300.0,
    "photon.beam.duration.h": 120.0,
    "xsection.filename": "xs/xs__JENDL5_Ra226gn.dat",
    "xsection.database": "JENDL",
    "xsection.fit.Eth": 6.4,
    "xsection.fit.method": "linear",
    "xsection.fit.p0": null,
    "plot.config": {
        "figure.pngFile": "png/dYield_vs_energy.png",
        "ax1.x.range": {
            auto: false,
            min: 0.0,
            max: 60.0,
            num: 11,
        },
        "ax1.y.range": {
            auto: false,
            min: 0.0,
            max: 10.0,
            num: 11,
        },
    },
    "plot.xsection.norm": 100.0,
    "plot.photon.norm": 100000000000.0,
    "plot.dYield.norm": 1000000000.0,
    "plot.norm.auto": true,
    "target.lambda.1/s": 1.3737220568555486e-11,
    "product.lambda.1/s": 5.384252893984164e-07,
    "decayed.lambda.1/s": 8.103572537410509e-07,
    "target.area.cm2": 0.07068583470577036,
    "target.atoms/cm3": 9.931986531986532e+21,
    "target.tN_product": 9.931986531986532e+21,
    "target.atoms": 8.080237151762645e+20,
    "target.volume.cm3": 0.0813556998465491,
    "target.thick.cm": 1.1509477137136743,
    YieldRate: 20661321907.51466,
    Y_product: 11124.57822740742,
    A_product: 4287829336.837349,
    N_product: 7963647735841214.0,
    Y_decayed: 4951.4503451498795,
    A_decayed: 1908474516.1412687,
    N_decayed: 3544548433587900.5,
    N_saturate: 3.837360969912761e+16,
    A_saturate: 20661321907.51466,
    Yn_product_Bq: 3.3407141824046307e-09,
    Yn_product_wt: 0.09302040674503954,
    An_product_Bq: 2.9806399015941976e-09,
    An_product_wt: 0.08299433021451005,
    Yn_decayed_Bq: 1.4869220255705343e-09,
    Yn_decayed_wt: 0.0414025516894628,
    An_decayed_Bq: 1.3266561812793827e-09,
    An_decayed_wt: 0.03694003463193668,
    lambda_t: 0.2325997250201159,
    F_saturate: 0.20752928375206414,
    R_saturate: 89.22163761548575,
    t_max_d: 17.40063068508605,
    ratio: 44.509106268416375,
}